{"format_version":1,"document":{"kind":"document","key":"d1c0a02433e64286ba9e8ae2765c8d45","data":{"schema_version":3},"nodes":[{"kind":"block","type":"paragraph","key":"ece3a5566da541b1a3b8e9cd2747cb6c","isVoid":false,"data":{},"nodes":[{"kind":"text","key":"cae3b0acbf4d4d4b91832eabf0ff9e99","ranges":[{"kind":"range","marks":[],"text":"আমরা সময় পেলেই গান শুনি। গান জিনিসটা আসলে জড়িয়ে আছে আমাদের সবার সাথে। তবে এই গানকে মানে যিনি গানটা করেছেন অথবা যিনি গানটা রেকর্ডিং করেছেন, তাদের মনের মতো করে যদি শুনতে পাওয়া যেত? অর্থাৎ উনারা যেভাবে চেয়েছেন সেভাবে যদি শুনতে পেতাম? এটার একটা উপায় হতে পারে। যখন গানটা রেকর্ডিং হয়, তখন সেই রেকর্ডিং স্টুডিওতে সাউন্ড ইঞ্জিনিয়ার যেভাবে গানটা শুনেছেন, তার পাশে বসে সেভাবে যদি গানটা শুনতে পেতাম? \r"}]}]},{"kind":"block","type":"paragraph","key":"183e8a3fffd1423d92e44da6b35717c9","isVoid":false,"data":{},"nodes":[{"kind":"text","key":"381518b1a02b4dec89921de800b1b7a7","ranges":[{"kind":"range","marks":[],"text":"যখন একজন রেকর্ডিং স্টুডিওতে গানটি রেকর্ড করেন, তখন প্রতিটা ইন্সট্রুমেন্টের লেভেলের উপরে সাউন্ড ইঞ্জিনিয়ার অনেক কাজ করেন। সেইসব ইন্সট্রুমেন্টগুলোর আউটপুট তারা বের করে নিয়ে আসেন তাদের মনিটরিং হেডফোন অথবা মনিটরিং স্পিকারে। স্টুডিওতে রেকর্ডিং যেভাবে হয় সেই জিনিসটাকে হুবহু বাসায় ‘রিপ্রোডিউস’ করা অনেক ঝামেলার। সবচেয়ে বড় সমস্যা হচ্ছে আমাদের স্পীকার গুলোতে। আমাদের সাধারন স্পিকারগুলো শব্দের বিশাল রেঞ্জ মানে ২০ হার্টজ থেকে ২০ হাজার হার্টজ ঠিকমত ‘রিপ্রোডিউস’ করতে পারে না। \r"}]}]},{"kind":"block","type":"paragraph","key":"382333637edc42888f1e8a735820ad81","isVoid":false,"data":{},"nodes":[{"kind":"text","key":"2d934d57537e4f6a86bd511f479ca83d","ranges":[{"kind":"range","marks":[],"text":"এছাড়াও আমাদের স্পীকারগুলোর শব্দগুলো বের হয়ে বাসার দেয়ালে যেভাবে রিফ্লেক্ট করে, সেখানে অনেক শব্দই একে অপরের সাথে লেগে বাদ হয়ে যায়। ফলে শব্দগুলো অনেক সময় যেভাবে শোনা উচিত সেভাবে সোনা হয় না। বাসার দেয়ালে ঠিকমত সাউন্ড প্রুফিং টেকনিক ব্যবহার করলে শব্দের ব্যপারগুলো অনেকাংশে ঠিক করা যায়। তবে সেই সাউন্ডপ্রুফিং টেকনিক অনেক খরচের ব্যাপার। সে দিক থেকে মনিটরিং হেডফোনে গান শোনার খরচ অনেকটাই  কম। \r"}]}]},{"kind":"block","type":"paragraph","key":"2fd809f92875406f942d38357da94d36","isVoid":false,"data":{},"nodes":[{"kind":"text","key":"d4fd5a08ab074e0ba242cdedbf2fa92e","ranges":[{"kind":"range","marks":[],"text":"১0 হাজার ডলারের স্পিকারের আউটপুট কিছুটা কাছাকাছি নিয়ে আসতে পারে ৩০০ ডলারের একটা হেডফোন। এই হেডফোনগুলোকে আমরা বলি মনিটরিং বা রেফারেন্স হেডফোন। মানে এই হেডফোনগুলো দিয়েই সাউন্ড ইঞ্জিনিয়াররা রেকর্ডিং করেন, অথবা এগুলোই শব্দের জন্য রেফারেন্স হিসেবে কাজ করে। এখানে শব্দের ‘বেজ’, ‘মিড্’ বা ‘ট্রেবল’ যেভাবে রেকর্ডিং হয়েছিল সেভাবেই আবার ‘রিপ্রোডিউস’ করা হয়। আজকে আমরা ছোট্ট একটা রেফারেন্স অডিওফাইল সেটআপ নিয়ে কথা বলবো। \r"}]}]},{"kind":"block","type":"paragraph","key":"84a308539df14da3917ac255c9465fe3","isVoid":false,"data":{},"nodes":[{"kind":"text","key":"8bdef37d7e4246de8ad7a5bf6e496a3f","ranges":[{"kind":"range","marks":[],"text":"‘অডিওফাইল’ মানে হচ্ছে একদল প্রযুক্তিপ্রেমী মানুষ যারা বা যে যন্ত্রগুলোর সাহায্যে যেভাবে শব্দের ‘ডাইনামিক হাই-ফিডেলিটি’ অংশগুলো ঠিকমত নিজের এনভায়রনমেন্টএ ‘রিপ্রোডিউস’ করতে পারে। যেভাবে সেই  গায়ক অথবা সাউন্ড ইঞ্জিনিয়ার চেয়েছেন আপনাকে শুনতে। একে আমরা অনেক সময় বলি  বিট পারফেক্ট মোড। তারমানে গানের ডিজিটাল অংশের প্রতিটা ‘বিট বাই বিট’ কানে আসতে হবে একদম ‘পারফেক্ট’ ভাবে। যে কোন ধরনের অডিওফাইল সেটআপ এর শুরুতেই থাকে দুর্দান্ত অডিও সোর্স । সোর্সগুলো সাধারণত এমপিথ্রি ফাইল ফরম্যাটে হয়না, বরং ষ্টুডিও কোয়ালিটি আনকম্প্রেসড ফাইল ফরম্যাটগুলো ব্যবহার হয়ে থাকে। \r"}]}]},{"kind":"block","type":"paragraph","key":"6e2c1f48d00c4fbc9a3d50f282ebee67","isVoid":false,"data":{},"nodes":[{"kind":"text","key":"3559c29ec32a4a26b11f03b754f56548","ranges":[{"kind":"range","marks":[],"text":"বর্তমানে মোবাইল ফোনগুলো পিসি থেকে বেশ ক্ষমতাশালী হওয়ায় এখানে আমরা একটা মোবাইল ফোন ব্যবহার করছি। মোবাইল ফোনের ইউএসবি পোর্ট দিয়ে শব্দগুলো ডিজিটালি বের হয়ে যাচ্ছে আমাদের ‘ড্যাক’এ। ‘ড্যাক’ হচ্ছে ডিজিটাল টু এনালগ কনভার্টার। এর কাজ হচ্ছে শব্দটাকে ডিজিটাল ফাইল ফরম্যাট থেকে হুবুহু এনালগএ কনভার্ট করা, যেভাবে শুরুতে এনালগ ফরম্যাট মানে থেকে গানটা রেকর্ডিং হয়েছিল। মোবাইল ফোন থেকে কালো তার দিয়ে সেটা বের হয়ে যাচ্ছে ডিজিটাল ইনপুট দিয়ে। ড্যাকের এই ডিজিটাল ইনপুট দিয়ে ড্যাকে ঢুকে সেটা পাল্টে যাচ্ছে এনালগ সাউন্ড সিগনেচারে।\r"}]}]},{"kind":"block","type":"paragraph","key":"6bad9be1cb8d4c15a429a724b68d4d7a","isVoid":false,"data":{},"nodes":[{"kind":"text","key":"5cb9642aace54b28a9af7fbf9ed5cb4f","ranges":[{"kind":"range","marks":[],"text":" সেই শব্দগুলো বের হচ্ছে ড্যাকের এনালগ আউটপুট দিয়ে। ড্যাকের এনালগ আউটপুট সাউন্ড সিগনেচারটা বেশ কম শক্তিশালী হয়। এটা এখানে বেরুচ্ছে লাল তার দিয়ে। সেই সাউন্ড সিগনেচারকে কিছুটা ‘অ্যাপ্লিফাই’ করতে ড্যাক থেকে এনালগ আউটপুট দিয়ে ঢুকেছে হেডফোন অ্যাম্প এ। আমাদের এই হেডফোন অ্যাম্প শব্দকে হেড ফোনের জন্য উপযোগী করে পাঠিয়ে দিচ্ছে আমাদের শেষ ডিভাইস এই হেডফোনে। এখানে হেডফোন হিসেবে ব্যবহার করা হচ্ছে একটা রেফারেন্স ধরণের হেডফোন, যার কাজ হচ্ছে শব্দকে ঠিকমতো রিপ্রোডিউস মানে তৈরী করা - যেভাবে রেকর্ডিং স্টুডিওতে গানটা রেকর্ড হয়েছিল। বলতে গেলে ‘অডিওফাইল’ হচ্ছে একটা চমৎকার হবি। ইলেকট্রনিক্স, ডিজিটাল কমিউনিকেশন এবং শব্দের পাশাপাশি ভবিষ্যৎ প্রযুক্তির অনেক কিছুই জানা হয় এখানে। সামনে আসছি শব্দের আরও বেশ কিছু ব্যাপার নিয়ে। \r"}]}]},{"kind":"block","type":"paragraph","key":"a20d3000462f43e5aa3e12475d5078c1","isVoid":false,"data":{},"nodes":[{"kind":"text","key":"d5b85eb942384fea90c0b2fea11bbcd4","ranges":[{"kind":"range","marks":[],"text":"গান শোনার ‘ড্যাক’ নিয়ে অনেক কথা হয়েছে আগে। গান এখন সব পাওয়া যায় ডিজিটাল মিডিয়াতে। মানে সেটা সিডি, এমপিথ্রি প্লেয়ার হোক আর টিভি হোক, সব জায়গায় রেকর্ডিং আমরা রেখে দিচ্ছি ডিজিটাল মিডিয়াতে। আমাদের মোবাইল ফোনেও একি অবস্থা। \r"}]}]},{"kind":"block","type":"paragraph","key":"f989205c66fa42f0b49caecc3e4338b8","isVoid":false,"data":{},"nodes":[{"kind":"text","key":"8e1a9e2128984e30aa9a4f67e2fd47fa","ranges":[{"kind":"range","marks":[],"text":"\rমজার কথা হচ্ছে গান হচ্ছে অ্যানালগ জিনিস। ফ্রিকোয়েন্সির হিসেব। সেকারনে ওই গানকে ডিজিটাল থেকে যে সবচেয়ে ‘ন্যাচারাল’ ভাবে মানুষকে শোনাতে পারবে সেই এখানে নামকরা। যেমন এ মুহুর্তে আমি শুনছিলাম একটা যন্ত্র যেখানে ‘ড্যাক’ হিসেবে দেখছি স্যাবরের ES9018K2M এর চিপসেট। অসাধারণ একটা ‘ড্যাক’, মোবাইল ডিভাইসের জন্য তৈরি।"}]}]},{"kind":"block","type":"paragraph","key":"15cb5d9c5475474e8c921b19a70f8048","isVoid":false,"data":{},"nodes":[{"kind":"text","key":"92c6597d38bb4b2fac67a6134dc7d4a5","ranges":[{"kind":"range","marks":[],"text":""}]}]}]}}