{"format_version":1,"document":{"kind":"document","key":"40f3194978c345409a4558bc3e89ee98","data":{"schema_version":3},"nodes":[{"kind":"block","type":"paragraph","key":"8269511b3f5245088e390119445a365e","isVoid":false,"data":{},"nodes":[{"kind":"text","key":"63ca382fc5b24bedadf3fdd65b93cb79","ranges":[{"kind":"range","marks":[],"text":"এখন আমি বুঝতে পারছি কিছুটা, কেন দরকার হেডফোন অ্যাম্পলিফায়ার। অসাধারণ সাউন্ড ডিটেলস। শুনিনি আগে। শুনছিলাম জ্যাকসন ব্রাউনের পুরোনো অ্যালবাম \"আই অ্যাম এলাইভ।\"\r"}]}]},{"kind":"block","type":"paragraph","key":"d7cd050f613142b98ba0ab762e511e2f","isVoid":false,"data":{},"nodes":[{"kind":"text","key":"ef59bcd5dcd942c8958ee17dbf2dd9b5","ranges":[{"kind":"range","marks":[],"text":"গানের মধ্যে অসাধারণ ডিটেইল ঠিকমতো আনতে এর জুড়ি নেই। \r"}]}]},{"kind":"block","type":"paragraph","key":"3be5fb02a4cd45278aed24e34d8bd17f","isVoid":false,"data":{},"nodes":[{"kind":"text","key":"8d416445b02640c7b9ccbca9e6296efc","ranges":[{"kind":"range","marks":[],"text":"হেডফোনের জন্য যে অ্যাম্প মানে অ্যাম্পলিফায়ার লাগে সেটা দেখতাম আমাজনে। অথবা ‘হেড-ফাই’তে। মাঝে মাঝে। ‘অডিওফাইল’ গ্রেডের হেডফোন কিনলাম বহু রিসার্চ করেই। দুহাজার সাতে। দুশো বিশ ডলার। নাম বলছি না এমুহুর্তে। বছর কয়েক পর আপগ্রেড করলাম আরেকটা নতুন হেডফোন দিয়ে। এবার প্রায় চারশো ডলার দিয়ে। যে শোরুম থেকে শুনে কিনেছিলাম সেখানে আমার সোর্স থেকে ওরা অ্যাম্প দিয়ে বের করে দিয়েছিলো হেডফোনে। "}]}]},{"kind":"block","type":"paragraph","key":"54a794f0ae2d4a6a950bafefb0f485ce","isVoid":false,"data":{},"nodes":[{"kind":"text","key":"7d56063e1a304c719129aa80453030a3","ranges":[{"kind":"range","marks":[],"text":"আমি যখন হেডফোন কিনি তখন যে কয়েকটা গান দিয়ে টেস্ট করি সেগুলো সবসময় থাকে আমার সাথে। হোটেলে ফিরেই দেখলাম কোথায় হারিয়ে গেলো সেই জাদু। কোথায় সেই পাগল করা ডায়নামিক রেঞ্জ? ধারণা ছিলো, সোর্সের ভলিউম যেখানে তিন দিলেই চলে - সেখানে হেডফোনের জন্য দরকার কেন আলাদা অ্যাম্পলিফায়ার? খুব ‘লো’ ভলিউমে শুনি আমি। দশের মিটারে তিন অথবা আড়াই।  \r"}]}]},{"kind":"block","type":"paragraph","key":"3ac3934fc21d43d39120ff33875429c9","isVoid":false,"data":{},"nodes":[{"kind":"text","key":"93c662db02b64a659456b442dd7dad39","ranges":[{"kind":"range","marks":[],"text":"ভুলের ভেতর ছিলাম ওই তিন তিনটা বছর। খুঁজি এই হেডফোন, ওই হেডফোন। বাড়াই বাজেট হেডফোনে। ভরে না মন। ফেলে দিলাম সব ‘এমপিথ্রি’। সব। আপগ্রেড করলাম মিউজিক সোর্স ফাইল। ফিরে এলাম দুনিয়া কাঁপানো ‘আন-কম্প্রেসড’ লস-লেস ফরম্যাটে। দুহাজার দশে। ফ্ল্যাক। ১৬ বিট, স্যাম্পলিং রেট ৪৪.১ কিলোহার্টজ। সোজা কথায়, সিডি কোয়ালিটি। প্রতিটা গানের সাইজ দাড়ালো চল্লিশ মেগাবাইটের কাছাকাছি। আমার সোর্স হচ্ছে নামকরা সব ফোন, ভালো ব্র্যান্ডের ল্যাপটপ। রিসার্চে নামলাম নতুন করে। দেখি গলদ গোড়ায়। করেছি কি আমি এতোগুলো বছর!   \r"}]}]},{"kind":"block","type":"paragraph","key":"4d995ac9672140a7afe6fd78b24cfac3","isVoid":false,"data":{},"nodes":[{"kind":"text","key":"6dc6ab29359b4aed8b0ada50417ba814","ranges":[{"kind":"range","marks":[],"text":"গান শোনার কথা বললে - আমাদের একটা বড় সময় কাটে মোবাইলে গান শুনে। বলতে বাধা নেই - মোবাইল জিনিসটা একধরনের ‘কনভিনিয়েন্স’ দিয়েছে আমাদের সবার জীবনে। আগে দেখেছিলাম টু-ইন-ওয়ান, রেডিও আর ক্যাসেট প্লেয়ার। এরপর এলো ‘থ্রি-ইন-ওয়ান’। এসে লাগলো টিভি। দেখেন নি? এক ‘চ্যাসি’তে রেডিও, ক্যাসেট প্লেয়ার আর টিভি। সব হচ্ছে ‘কনভিনিয়েন্স’য়ের গল্প। তবে, এগুলো হচ্ছে ‘কাজ’ চালানোর জন্য তৈরি। মানে, কোনটাই ‘স্টেট অফ দ্যা আর্ট’ না বরং চলার মতো করে বানানো। \r"}]}]},{"kind":"block","type":"paragraph","key":"5b20d7589ebf41b0858a73d6bfc23292","isVoid":false,"data":{},"nodes":[{"kind":"text","key":"428ecff4f785426fb9567dfdbbd23507","ranges":[{"kind":"range","marks":[],"text":"এখন এসেছে মোবাইল ফোন। আচ্ছা, কি করা যায় না এটা দিয়ে? আমার টিভি’র রিমোট থেকে শুরু করে বাসার লাইট ফ্যান চালানো, বন্ধ সব করি এই জিনিস দিয়ে। কি সেন্সর নেই এতে? হাজারো সেন্সর। তবে সেটার ডাউনসাইড একটাই। সব কাজের কাজি, তবে সব কিছুতে মাতব্বরি নয়। গান শোনা যাবে ঠিকই, তবে ‘অডিওফাইল’ গ্রেডে নয়। বেশিরভাগ সময়ে, সাধারণ মানেরও নয়। এর কারণ আছে অনেকগুলো। এতো ছোট জায়গায় অনেক অনেক সার্কিট বসানোর ফলে ইলেক্ট্রো-ম্যাগনেটিক রেডিওওয়েভ আর অডিও ‘ইন্টারফিয়ারেন্স’ চলে আসে ওগুলোর সীমার বাইরে। আর আমাদের যেহেতু এই অডিও ফ্রিকোয়েন্সি নিয়ে কাজ কারবার, এটার ‘ইফেক্ট’ যায় বহুদূরে। তবে, বিপদ অন্যখানে। \r"}]}]},{"kind":"block","type":"paragraph","key":"e8fd52230713474ab6b22ae6dfde2002","isVoid":false,"data":{},"nodes":[{"kind":"text","key":"fe2ee00deae74a0ca69673c003a09a40","ranges":[{"kind":"range","marks":[],"text":"ধরুন, আমি ফোন ম্যানুফ্যাকচারার। বিশটা ফিচার যোগ করছি নতুন ফোনে। রিলিজ হবে পরের বছর। ক্যালিফোর্নিয়াতে বসে করলাম ওটার ডিজাইন। টপ অফ দ্য লাইন। ওই বিশটা ফিচার দেবে দশটা চিপ ম্যানুফ্যাকচারার। কস্ট মডেলিংয়ে সব কিছুর ‘বিল অফ ম্যাটেরিয়াল’ নিয়ে বসতেই মাথা খারাপ। ইউনিট প্রাইসিংয়ে প্রতিটার দাম গিয়ে দাড়াচ্ছে প্রায় হাজার ডলারে। বসলাম আবার সবার সাথে। দেন দরবারে। ওই দশ চিপ ম্যানুফ্যাকচারারের মধ্যে চারজন পারলো না কমাতে দাম। ওই লেভেলে। যে লেভেলে চাইছে আমাদের ফোন কোম্পানি। "}]}]},{"kind":"block","type":"paragraph","key":"52894b8c01c84a71b8d5090c99c2cf82","isVoid":false,"data":{},"nodes":[{"kind":"text","key":"58a234940ac04591a1a3c5bed6d2486d","ranges":[{"kind":"range","marks":[],"text":"ওদের মধ্যে তিনজন এসে বললো তাদের নতুন কিছু চিপের কথা যেটার একেকটাই কাভার দেবে তিন চারটা করে ফিচার। ভালো। ঝরে গেলো সাত নামিদামি চিপ ম্যানুফ্যাকচারার। ওই তিনজন মিলে সব ফিচার দিতে গিয়ে সবকিছুর ‘সাব অপটিমাল’ ভার্সন চলে এলো ফোন কোম্পানির মর্জি ধরে। মজার কথা, এই কস্ট কাটিংয়ে সবচেয়ে আগে পড়ে অডিও আউটপুটের ফোনের ওই সাউন্ড কার্ড। কারণ, কয়জন ‘অডিওফাইল’ই বা শুনবে ফোনে গান? \r"}]}]},{"kind":"block","type":"paragraph","key":"f43d55b76200427bb0bd410de82cee8d","isVoid":false,"data":{},"nodes":[{"kind":"text","key":"b755252ed39a43bd87e57b62ce5fa71a","ranges":[{"kind":"range","marks":[],"text":"মনে আছে পুরনো দিনের কথা? পিসিতে ‘অনবোর্ড অডিও’ তো এলো এই কিছুদিন আগে। পিসি মানে ওর মাদারবোর্ডে ছিলো না কিছুই। আলাদাভাবে কিনতে হতো ভিজিএ, সাউন্ড কার্ড। সে সবকিছুর জন্য ছিলো ডেডিকেটেড প্রসেসর। আলাদা আলাদা করে। প্রসেসরের শক্তি বাড়ার সাথে সাথে ওই কাজগুলো চাপিয়ে দেয়া হলো ওই সবেধন মনি প্রসেসর আর মেমরির ওপর। সবকিছু শেয়ার্ড। এতে সব কাজের কাজি প্রসেসর করে সবকিছুই - তবে যতটুকু না করলে নয়। আর সেকারণে অনবোর্ড সাউন্ড বোর্ড আর যাই হোক, ভালো গান শোনার যন্ত্র নেই আর। হাজারো ইলেকট্রনিক চিপ চলে এসেছে এক বোর্ডে। "}]}]},{"kind":"block","type":"paragraph","key":"a3502d1d37a4437880c4a3f5e947bdc1","isVoid":false,"data":{},"nodes":[{"kind":"text","key":"84e7520055bf4392a9a6470dbdc54299","ranges":[{"kind":"range","marks":[],"text":"এদিকে প্রতিটা অন-বোর্ড চিপের কাছাকাছি ব্যাপারটা ‘ইন্টারফিয়ারেনস’ বাড়িয়ে আসলে কমিয়ে দেয় অডিওর মান। যারা অডিও নিয়ে কাজ করেন তারা জানেন ‘যথার্থ’ পাওয়ার সাপ্লাই কতোটা জরুরি। অডিও সিস্টেমের পাওয়ার সাপ্লাই একটু ওলট পালট করলে সেটা ‘অ্যামপ্লিফিকেশনে’ কতোটা ঝামেলা করে সেটা ভুক্তভোগীরাই জানেন ভালো। আমি মার্কিন যুক্তরাষ্ট্র থেকে কিনেছিলাম ‘অ্যামপ্লিফায়ার একটা। চলতো ১১০ ভোল্টে। যতোই পাওয়ার শেপ করি না কেন ২২০ ভোল্টে, একটা নয়েজ থাকতো ওর অ্যামপ্লিফিকেশনে। পরে ফেলেই দিয়েছিলাম একরকম। আমাদের পিসির পাওয়ার সাপ্লাইকে তৈরি করতে হয় হাজারো ভোল্ট। আলাদা করে। তো বুঝতেই পারছেন অডিওর অবস্থা কি।\r"}]}]},{"kind":"block","type":"paragraph","key":"e32c585caf2a4928ab79d4f5a7196f6c","isVoid":false,"data":{},"nodes":[{"kind":"text","key":"7dc9fee5f53645e581a1709e3491b654","ranges":[{"kind":"range","marks":[],"text":""}]}]}]}}