{"format_version":1,"document":{"kind":"document","key":"40f3194978c345409a4558bc3e89ee98","data":{"schema_version":3},"nodes":[{"kind":"block","type":"paragraph","key":"abc3e33e4e8f4bfcae874297d9d6d74c","isVoid":false,"data":{},"nodes":[{"kind":"text","key":"304d7a45597845899db4ad3a41ca1d4e","ranges":[{"kind":"range","marks":[],"text":"গত কয়েক বছরে অডিও ইন্ডাস্ট্রিকে ওলট পালট করেছে বেশ কিছু জিনিস। স্ট্রিমিং সার্ভিসটা চলে এসেছে একেবারে মেইনস্ট্রিমে। প্রচুর মানুষ এখন ব্যবহার করছে স্পটিফাই, টাইডাল, প্যান্ডোরার মতো সার্ভিস। রিজিওনাল রেস্ট্রিকশন না থাকাতে ‘ওয়ান ডট এফএম’য়ের সার্ভিস পৌঁছে গেছে বাংলাদেশের আনাচে কানাচে। এমন অবস্থা, আমার দিনের কিছু সময় ওটা না শুনলে মনে হয় কি যেন করিনি আজ। \r"}]}]},{"kind":"block","type":"paragraph","key":"a35ccd38155e43e3a928f822409e1453","isVoid":false,"data":{},"nodes":[{"kind":"text","key":"beaf0197093e4dfcaf949b7a82726912","ranges":[{"kind":"range","marks":[],"text":"এদিকে - হঠাৎ করেই মানুষ ফিরে যাচ্ছে ‘ভাইনলে’। আমাদের ভাষায়, পুরানো রেকর্ডে। এ নিয়ে যুদ্ধ হয়নি কম। এখনকার ডিজিটাল মিডিয়াম নাকি ঠিক মতো ধরতে পারছে না এনালগ সাউন্ড সিগনেচার! আর তাই ‘ভাইনলে’ ফেরৎ। এটা নিয়ে বিতর্কে যাবো না আমি। সাউন্ড সিগনেচার নির্ভর করে মানুষের ওপর, বলতে গেলে পুরোটাই সাবজেক্টিভ। ধরুন, শুনে এসেছি আশির দশকের গান, ওই ভাইনল থেকে রেকর্ড করা। এখন ওই ভাইনলের প্রতি দুর্বলতা তো থাকবে কিছুটা। প্রযুক্তিগতভাবে কোনটা ভালো সেটা জানে সবাই। তবে সব বিতর্ককে পেছনে ফেলে এগিয়ে গিয়েছে ‘হাই-রেজোল্যুশন’ নামে আরেক বিতর্ক। \r"}]}]},{"kind":"block","type":"paragraph","key":"5fb8e618f68a4aa3b1151493d14b3afe","isVoid":false,"data":{},"nodes":[{"kind":"text","key":"81d1434016b9459dad27e1a780aeec45","ranges":[{"kind":"range","marks":[],"text":"গত তিন বছরে আমি নিজেই কিনেছি অনেকগুলো ‘হাই-রেজোল্যুশন’ অ্যালবাম। মানে, এই ‘হাই-রেজোল্যুশন’ স্রোতে গা ভাসিয়েছি আমিও।  যখন তৈরী হয়েছিলো অডিও সিডি, তখনই তো ওটার ‘রেডবুক’ বলেছিলো মানুষের শ্রবণশক্তির কিছুটা ওপরে গিয়েই তৈরি করা হয়েছে এই সিডি। তাহলে এখন সমস্যা কিসের?\r"}]}]},{"kind":"block","type":"paragraph","key":"633dea512b284483bf2f5287f101bed2","isVoid":false,"data":{},"nodes":[{"kind":"text","key":"9f220d0c4151442eb527f76fa8af4240","ranges":[{"kind":"range","marks":[],"text":" হেডফোন কিনতে গিয়েও সেই বিপত্তি। আমার মাথা আটকে আছে ওই \r ‘হাই-রেজোল্যুশন’ জিনিসটা নিয়ে। একটা মজার টপিক নিয়ে আলাপ করি বরং। জিনিসটা ফতুর করে দিচ্ছে আমাকে। ঠিক ধরেছেন। ‘হাই রেজোল্যুশন’ অডিও। পুরো পৃথিবী এই জ্বরে আক্রান্ত। আমিও। না হয়ে উপায় কি? প্রযুক্তি সুবিধা দিলে কেন নেবো না ওই জিনিস। আপগ্রেড করলাম বাসার প্লেয়ার। সেটার সাথে মিলিয়ে চলে এলো আপগ্রেডেড অ্যাম্প। ওই অ্যাম্পের সুতো ধরে আরেকটাও চলে এলো হাতের মুঠোয়। এটা হেডফোন অ্যাম্প। সঙ্গে ডিজিটাল টু এনালগ কনভার্টার (ড্যাক)। এলো স্পিকার। "}]}]},{"kind":"block","type":"paragraph","key":"0e48b27ea37440f6818be7492367e58e","isVoid":false,"data":{},"nodes":[{"kind":"text","key":"1ddbaaf62a484dfd9c5810b208f8f0c1","ranges":[{"kind":"range","marks":[],"text":"পার্সোনাল অডিও সেকশনে চলে এলো বাদুড়কে শোনানোর হেডফোন। ৩৫ কিলোহার্টজের হেডফোন। নিচের একটা রেঞ্জ শুনি আমি। বাকিটা শোনে বাদুড়। বাসার আমগাছে ওরা ঘুরতে আসে মাঝে সাজে। এদিকে হাতের মুঠোর ‘ড্যাক’ চলে গেছে অনেক দুরে। প্রযুক্তি সাথে হাত মিলিয়ে। এখনকার সাধারণ ‘ড্যাক’গুলোই সাপোর্ট করে ২৪ বিটের গান। স্যাম্পলিং চলে গেছে ১৯২ কিলোহার্টজে। মানে, ষ্টুডিও কোয়ালিটি যন্ত্র চলে এসেছে হাতের মুঠোয়। অতদূরে যাবো না আমি। ১৯২ই ওভারকিল, ৯৬ কিলোহার্টজ সই। পার্সোনাল অডিও সেকশনের কথা বলি। প্রথমে আসে প্লেয়ার। "}]}]},{"kind":"block","type":"paragraph","key":"c7960ac6f2ed46f9af7f6a1cc2615f69","isVoid":false,"data":{},"nodes":[{"kind":"text","key":"11fe5b2b202e4ba98075abbfe2d30d83","ranges":[{"kind":"range","marks":[],"text":"ডেডিকেটেড ডিজিটাল প্লেয়ার ছাড়াও এখনকার মোবাইলফোনগুলো সকল কাজে কাজি। মানে গান শোনার যন্ত্রের গণতন্ত্রায়ন এনেছে এই মোবাইল ফোন। মিউজিক থেকে কথা বলা - সবকিছুর জন্য ফোনের ভেতরেই আছে ইন্টারনাল ‘ড্যাক’। আগেই বলেছি এগুলোর মান ভালো নয় অতোটা। সেটাকে বাইপাস করতে বাজারে চলে এসেছে এক্সটার্নাল ‘ড্যাক’ আর হেডফোন ‘অ্যাম্প’। দুটোর ‘কমবো’ও পাওয়া যায় ইদানিং। তুখোড় পারফরমেন্স একেকটার। যেটাই শুনি সেটাই মনে হয় কিনি। আমাজনের বেস্টসেলার লিস্ট দেখলে বিশ্বাস হবে সবার। "}]}]},{"kind":"block","type":"paragraph","key":"2ccd14ebe7d34edeab23eeebe2f55d0f","isVoid":false,"data":{},"nodes":[{"kind":"text","key":"22059a5d095a48e192c10c65da6df6b7","ranges":[{"kind":"range","marks":[],"text":"মালয়েশিয়া গিয়েছিলাম এবার। ওখানে হেডফোনের ওপর ‘স্পেশালাইজড’ স্টোর আছে অনেকগুলো। কেনার বাধ্যবাধকতা নেই। শোনা যায় নিজের মতো করে। এই ‘ড্যাক’ নিয়ে হাজারটা অপশন দেখে নিজেই বেকুব আমি। দোকানের সেলসে যারা আছেন তারা একেকজন ভয়ংকর ধরনের ‘অডিওফাইল’। ওদেরকেই নেয়া হয়েছে যারা জানে ব্যাপারটা ভালো। ভালো মানে অনেক অনেক ভালো। বরং, সেলস টার্গেট নেই তাদের ওপর। দশ পনেরো বছরের অভিজ্ঞতা এই জিনিস নিয়ে। তাদের ‘মটো’ একটাই। ছড়িয়ে দাও জ্ঞান। তৈরী করো বাজার। ক্রেতারাই ফিরে আসবে নিজ থেকে। নেবে ‘ইনফর্মড’ ডিসিশন। সুদূরপ্রসারী চিন্তাভাবনা। ওদের কয়েকজনের ফেইসবুক পেজে গিয়ে আরেক দফা বেকুব হতে হলো আমায়। শয়নে স্বপনে পার্সোনাল অডিও। ধারণা করছি, হেডফোন চাঁপিয়ে ঘুমাতেও যায় ওরা। \r"}]}]},{"kind":"block","type":"paragraph","key":"da5e090c48c441ca9de6d758f568e9c3","isVoid":false,"data":{},"nodes":[{"kind":"text","key":"d15462841bbd431bbbe19d0c4335ccfc","ranges":[{"kind":"range","marks":[],"text":"মানি না মানি, প্রযুক্তির কারণে গান শোনার যন্ত্র চলে এসেছে মোবাইল ফোনে। তবে এটা ঠিক, বহনযোগ্য ওই প্লেয়ারের দুর্বলতা ঢাকতে এসেছে ভালো মানের  ‘ড্যাক’। ওই ‘ড্যাকে’র আউটপুটকে ভালো হেডফোনে দেবার আগে ওই অডিওকে ঘুড়িয়ে নিয়ে আসছি হেডফোন ‘অ্যাম্প’ থেকে। দেখা গেছে ভালো মানের হেডফোনগুলোর ‘ইমপিডেন্স’ বেশ বেশি। ওদেরকে ভালো ভাবে ড্রাইভ করতে দরকার এই ‘অ্যাম্প’। যতো বেশি কারেন্ট - হেডফোনের ড্রাইভারকে কন্ট্রোল করা যায় ততো বেশি। এখন পুরো ইকোসিস্টেম তৈরী হয়ে গেলো ষ্টুডিও কোয়ালিটি রেকর্ডিং চালানোর জন্য। বাকি থাকে কি? \r"}]}]},{"kind":"block","type":"paragraph","key":"36fec561f02e4e969a31462e56e6334c","isVoid":false,"data":{},"nodes":[{"kind":"text","key":"ed8194a6a99448c4950e7edd3bc87328","ranges":[{"kind":"range","marks":[],"text":""}]}]},{"kind":"block","type":"paragraph","key":"763e55a016e74eadaa3c6dc6e1d02e4e","isVoid":false,"data":{},"nodes":[{"kind":"text","key":"43109c0bba054d55b93f526f08f10dbb","ranges":[{"kind":"range","marks":[],"text":""}]}]}]}}