{"format_version":1,"document":{"kind":"document","key":"8e361a5443e846d4a6421ad4e905fdba","data":{"schema_version":3},"nodes":[{"kind":"block","type":"paragraph","key":"504b1f37e79547439c0fd14f3f6711bc","isVoid":false,"data":{},"nodes":[{"kind":"text","key":"1d0ec51239d04ab287dff5f7a117d810","ranges":[{"kind":"range","marks":[],"text":"তো, সেনাবাহিনীর মানুষ কিভাবে এলো এই গান প্রযুক্তিতে?"}]}]},{"kind":"block","type":"paragraph","key":"d03e40674f764eccb919254dcf94f672","isVoid":false,"data":{},"nodes":[{"kind":"text","key":"69791489d7014c2abf3005323d32a9a1","ranges":[{"kind":"range","marks":[],"text":"এটা একটা চমৎকার প্রশ্ন। কমিউনিকেশন প্রযুক্তি নিয়েই কাজ করতে চেয়েছি সারাজীবন। সেখানে সেটা ব্যতিক্রম হয়নি সেনাবাহিনীতে এসে। সৃষ্টিকর্তার আশীর্বাদে। আসলে আমি যখন কমিউনিকেশন নিয়ে পড়াশোনা শুরু করছিলাম - তখন দেখলাম কমিউনিকেশন প্রযুক্তির শুরুতেই হচ্ছে - \"মানুষের কথাকে কিভাবে দূরে পাঠানো যায়?\" "}]}]},{"kind":"block","type":"paragraph","key":"f95b2b5877b8468bbfc7fe455dea3ff1","isVoid":false,"data":{},"nodes":[{"kind":"text","key":"50cd883293374feaa4171ebf71fbf447","ranges":[{"kind":"range","marks":[],"text":"তারপর?"}]}]},{"kind":"block","type":"paragraph","key":"f52cb5155ee54eda813e03f93a2c6dd5","isVoid":false,"data":{},"nodes":[{"kind":"text","key":"2f615cb5252c48a3a8d0b1af8549451f","ranges":[{"kind":"range","marks":[],"text":"মানুষের কথা দূরে পাঠাতে হলে প্রথমে মানুষের কথাকে 'ট্রান্সফার' করতে হবে তরঙ্গে। এমনিতেই আমাদের কথা তরঙ্গে আসে বাতাসে, তবে দূরে পাঠাতে হলে সেটাকে উঠিয়ে দিতে হবে ইলেক্ট্রনিক তরঙ্গে। যেমন টেলিফোনের তার। যদি সেটাকে তার দিয়ে পাঠাতে চাই। "}]}]},{"kind":"block","type":"paragraph","key":"3549952fa76147d69436ed9d885cc773","isVoid":false,"data":{},"nodes":[{"kind":"text","key":"31f4caafe1be4967ad815042bc7f50cd","ranges":[{"kind":"range","marks":[],"text":"আবার, সেটাকে বেতার দিয়ে পাঠাতে হলে সেখানে আসবে ইলেক্ট্রোম্যাগনেটিক ওয়েভ। যেভাবে রেডিও দিয়ে আমরা দূরে যোগাযোগ করি। এই শব্দের তরঙ্গকে ইলেক্ট্রনিক তরঙ্গে ওঠানোর পেছনে যে প্রযুক্তি কাজ করছে সেটার পেছনে রয়েছে পুরো মিউজিক ইন্ডাস্ট্রি। "}]}]},{"kind":"block","type":"paragraph","key":"96e105bd6e56431d8b30f7975f016dc6","isVoid":false,"data":{},"nodes":[{"kind":"text","key":"2be63b67ef84450f9e43e5f7caf74478","ranges":[{"kind":"range","marks":[],"text":"ডিজিটাল প্রযুক্তি আসার পর ব্যাপারটা আরো সহজ হয়ে গেছে। এখন এই  ইলেক্ট্রনিক তরঙ্গের সবকিছুকে 'স্টোর' করা যায় ডিজিটালি, কোন ক্ষয় ছাড়াই। আগে যেটা করতাম ম্যাগনেটিক্যালি, যেমন ক্যাসেট টেপ। তবে, সেটা থাকতো না বেশি দিন। এখন 'ডিজিটালি' ব্যাপারটা অনেক সহজ হয়ে গেছে। এর মানে হচ্ছে যোগাযোগ প্রযুক্তি পড়তে গিয়েই আমাকে জানতে হয়েছে বেশ কিছু জিনিস যেগুলো সরাসরি ব্যবহার হচ্ছে মিউজিক ইন্ডাস্ট্রিতে: "}]}]},{"kind":"block","type":"list-ordered","key":"22cc5eb645d7484ea9eeb5e39dc1af55","isVoid":false,"data":{},"nodes":[{"kind":"block","type":"list-item","key":"3db4007ab17b482597e55f5e9fa37b94","isVoid":false,"data":{},"nodes":[{"kind":"block","type":"paragraph","key":"513776788eae4eaca907b6d1aeb14c9a","isVoid":false,"data":{},"nodes":[{"kind":"text","key":"786f700f3a3b4ac8aa3af4bb348b56f0","ranges":[{"kind":"range","marks":[],"text":"একটা শব্দকে কিভাবে ইলেক্ট্রো-ম্যাগনেটিক মিডিয়ামে ট্রান্সফার করতে হয়, "}]}]}]},{"kind":"block","type":"list-item","key":"d9ba0abcf75f4787b3288eb894bca7f1","isVoid":false,"data":{},"nodes":[{"kind":"block","type":"paragraph","key":"12450054e5474d4fa265378d0f5fadce","isVoid":false,"data":{},"nodes":[{"kind":"text","key":"d671b561d446478e869b8d51b0e5dd3c","ranges":[{"kind":"range","marks":[],"text":"কিভাবে শব্দকে আমাদের কাছে দূরে পাঠানো যায়,"}]}]}]},{"kind":"block","type":"list-item","key":"b292abb56b5d4463b8e1624f0faf6070","isVoid":false,"data":{},"nodes":[{"kind":"block","type":"paragraph","key":"8975b961cbdf4f67b3b192658a3fb132","isVoid":false,"data":{},"nodes":[{"kind":"text","key":"5357bffe844644748a0f677cc009c7cc","ranges":[{"kind":"range","marks":[],"text":"আবার, অনেক নয়েজের মধ্য থেকে কিভাবে আসল শব্দকে বের করে আনা যায়,"}]}]}]},{"kind":"block","type":"list-item","key":"2405e1ad8ec949c499fbe254e70cd2cb","isVoid":false,"data":{},"nodes":[{"kind":"block","type":"paragraph","key":"f64c7b85d53e4b3bba1c8025c42cadb4","isVoid":false,"data":{},"nodes":[{"kind":"text","key":"f897e45907e44f3796d6afbc798b5ff2","ranges":[{"kind":"range","marks":[],"text":"কিভাবে শব্দগুলোকে ম্যাগনেটিক্যালি এবং ডিজিটালি স্টোর করা যায়,"}]}]}]},{"kind":"block","type":"list-item","key":"587a6123a4814689946e781c7e297d99","isVoid":false,"data":{},"nodes":[{"kind":"block","type":"paragraph","key":"a268746d234f45cc9bb9e6171e184507","isVoid":false,"data":{},"nodes":[{"kind":"text","key":"75d777c12e834fc3a47a28d82f9aa802","ranges":[{"kind":"range","marks":[],"text":"শব্দের মান অক্ষুন্ন রেখে সেটাকে 'কমপ্রেস' করে দূরে পাঠানো যায়,"}]}]}]}]},{"kind":"block","type":"paragraph","key":"54d7c25b9faa46ed82252eeb2d4af77d","isVoid":false,"data":{},"nodes":[{"kind":"text","key":"bbd74bb272b84c3698c8807a9e02489b","ranges":[{"kind":"range","marks":[],"text":"বাকি আর না হয় বাদ দেই আজ। আমি কি ভুল বলেছি? "}]}]},{"kind":"block","type":"paragraph","key":"c56acb4e296e4e08b433768cd76dc7b9","isVoid":false,"data":{},"nodes":[{"kind":"text","key":"e2aa3237628f4eb693905f40a2246921","ranges":[{"kind":"range","marks":[],"text":""}]}]}]}}