{"format_version":1,"document":{"kind":"document","key":"40f3194978c345409a4558bc3e89ee98","data":{"schema_version":3},"nodes":[{"kind":"block","type":"paragraph","key":"0aff386c17304f5d883341c90e41f34c","isVoid":false,"data":{},"nodes":[{"kind":"text","key":"074b8af92317472eaa88216706c7c2cc","ranges":[{"kind":"range","marks":[],"text":"আচ্ছা, কি কাজ করে এই ইকুয়ালাইজার? এটা আসলে ওঠানামা করায় ফ্রিকোয়েন্সিকে। সোজা কথায় - ফিল্টার করে আমাদের দরকার মতো স্কেলে সাজায় সব ফ্রিকোয়েন্সিকে। এই জিনিসটার কাজ শুরু হয় আসলে একটা এনালগ যন্ত্র হিসেবে। বিভিন্ন রেকর্ডিং ষ্টুডিওতে। এনালগ ইকুয়ালাইজারে আমাদের এসি কারেন্টকে পাঠাতে হতো অনেকগুলো ক্যাপাসিটর আর ইনডাকটর দিয়ে। ওগুলোর মধ্যে দিয়ে গেলেই পাল্টে যেতো সিগনালের ফেজ। "}]}]},{"kind":"block","type":"paragraph","key":"f0e420ca42754ec89f3ec0c60cc3221a","isVoid":false,"data":{},"nodes":[{"kind":"text","key":"2302e0a3660546a68fda1d5f0ce06f2d","ranges":[{"kind":"range","marks":[],"text":"ওই সিগনালকে পরে শুরুর সিগনালের সাথে যুক্ত করলে সেটার ক্যানসেলিং ইফেক্টই হয় আমাদের ইকুয়ালাইজারের আউটকাম। ডিজিটালে সেটা পাঠানো হয় ‘শিফট রেজিস্টার’ দিয়ে। আপনি সিগনালকে ‘ভ্যারি’ করাতে পারেন তার ওপর - কতগুলো মেমরি সেলকে রাখবেন ওই শিফট রেজিস্টারে। ডিজিটালের কল্যাণে এই জিনিস এখন আমাদের বাসায় বাসায়। আমাদের পিসি আর মোবাইল ফোনে। প্রযুক্তিগতভাবে ‘গ্রাফিক ইকুয়ালাইজার’ অনেক সাশ্রয়ী বলে সেটাই দেখি আমরা। প্যারামেট্রিকটা অনেক বেশি কমপ্লেক্স।  \r"}]}]},{"kind":"block","type":"paragraph","key":"f438e1ddbd0440a28a72f9dc6adc01c9","isVoid":false,"data":{},"nodes":[{"kind":"text","key":"5a75fe29b5f647a28eb35725bf96a4af","ranges":[{"kind":"range","marks":[],"text":"-------------------------------- এখানে যোগ হবে প্রতিটা ব্যান্ডের বর্ণনা\r"}]}]},{"kind":"block","type":"paragraph","key":"1e922efc01414fcb9ee07e8dbd0e8f6c","isVoid":false,"data":{},"nodes":[{"kind":"text","key":"9463655439ee49d2b632be0de888fdb0","ranges":[{"kind":"range","marks":[],"text":""}]}]}]}}