{"format_version":1,"document":{"kind":"document","key":"40f3194978c345409a4558bc3e89ee98","data":{"schema_version":3},"nodes":[{"kind":"block","type":"paragraph","key":"9e0bbc23e91b47b485339153979c6615","isVoid":false,"data":{},"nodes":[{"kind":"text","key":"dd9ffc673e3a4766b64f918c4e2c34b5","ranges":[{"kind":"range","marks":[],"text":"হেডফোন নিয়ে কম রিসার্চ হয়নি গত তিন দশকে। কোম্পানিগুলো যারা শুধু হেডফোন বানায় তাদের উত্কর্ষের সীমা ছাড়িয়েছে অনেক আগেই। তারা এমন হেডফোন বানিয়েছেন - ধরুন দুহাজার সালে - যতোই উন্নত করুক না কেন নতুন প্রোডাক্ট, ব্যবহারকারীরা ফিরে যাচ্ছেন ওই পুরনো মডেলে। হৃদয় আর মন দিয়ে যে হেডফোনটা বানানো হয়েছে ওই সময়ে - সেটাকেও পার করতে পারছেন না কোম্পানিগুলো। এটা আমার ধারণা নয়, বরং যারা এ ইন্ডাস্ট্রি নিয়ে খোঁজ খবর রাখেন তাদের কথা। \r"}]}]},{"kind":"block","type":"paragraph","key":"33124a3f13cc432ba5d2226f86ea7aeb","isVoid":false,"data":{},"nodes":[{"kind":"text","key":"11ff493c8bf647f4af9d6369c8f0aeb7","ranges":[{"kind":"range","marks":[],"text":"এছাড়াও সার্চের ট্রেন্ড দেখলে বোঝা যায় অনেককিছু। দেখা যায় যে মার্কেটিংয়ে কারণে নতুন মডেল বের হচ্ছে বটে - বেস্টসেলার লিস্টে থাকছে কিন্তু ওই পুরনো মডেল। সেটা আরো বোঝা যায় প্রোডাক্টগুলো শুনে দেখলে। আমার নিজেরই আছে তিনটা জনরা’র সিগনেচারের কয়েকটা ওভার এয়ার হেডফোন। ওভার এয়ার কেন? সেটা আসছি পরে। অনেক বন্ধুদের আছে তারও অনেক অনেক বেশি হেডফোন। পার্সোনাল কালেকশনে। ফলে সুবিধা হয়েছে অনেক। আমার নিজের নয়, এরকম হেডফোনেও এক্সেস দিয়েছেন ওই বন্ধুরা। তুলনা করা গেছে সেগুলোর।\r"}]}]},{"kind":"block","type":"paragraph","key":"938abd87b2ab41c1870051d6057732da","isVoid":false,"data":{},"nodes":[{"kind":"text","key":"3ec44cd420af4b218d421bc7ca0092a2","ranges":[{"kind":"range","marks":[],"text":""}]}]}]}}