{"format_version":1,"document":{"kind":"document","key":"08e126f910814a9481800e14f8f18c57","data":{"schema_version":3},"nodes":[{"kind":"block","type":"paragraph","key":"b74a9f3282fa4b59a6365f9babfe12b6","isVoid":false,"data":{},"nodes":[{"kind":"text","key":"fb335cc810fe4d8d925219545a33ecc3","ranges":[{"kind":"range","marks":[],"text":"জীবনের একটা বিশাল সময় চলে গেছে এই গান শোনা নিয়ে। বিশেষ করে এর পেছনের প্রযুক্তি নিয়ে। সেটা নিয়েই এই বই!"}]}]},{"kind":"block","type":"paragraph","key":"aa03b8a44421437593aa04b8a660ee08","isVoid":false,"data":{},"nodes":[{"kind":"text","key":"cb768e40a6cf451aa599de9ce8972e2f","ranges":[{"kind":"range","marks":[{"kind":"mark","data":{},"type":"italic"}],"text":"বইটা এখনো লিখছি, খসড়া হিসেবে আপডেট করছি প্রতিনিয়তঃ। ধারণা করছি, শেষ হবে ২০১৮ এর মাঝামাঝি।"}]}]},{"kind":"block","type":"hint","key":"2126a50f53a84a7fa0f56dd2ecd5c499","isVoid":false,"data":{"style":"info"},"nodes":[{"kind":"block","type":"paragraph","key":"c6a5a173bc3d4f43b24a820ad45c827c","isVoid":false,"data":{},"nodes":[{"kind":"text","key":"3689915f8c3349bc9ba8da84bba94e30","ranges":[{"kind":"range","marks":[],"text":"মোবাইল থেকে পড়তে চাপ দিতে হবে ওপরের তিনটা সমান্তরাল লাইনের 'লিস্ট' বাটন। সোজা কথায়, আমার ছবিটার পাশের বাটনটাই 'লিস্ট' বাটন।"}]}]}]}]}}