{"format_version":1,"document":{"kind":"document","key":"1f8d5e63635a4278b0de154ce0838bb2","data":{"schema_version":3},"nodes":[{"kind":"block","type":"paragraph","key":"7733582810f64aeb998b6fbd680c1486","isVoid":false,"data":{},"nodes":[{"kind":"text","key":"a86674affb964e2291064b3553626b6c","ranges":[{"kind":"range","marks":[],"text":"একজন বলেছিলেন লিস্টি দিতে। গানের। যা শুনি প্রতিদিন। তবে, সেগুলো হওয়া চাই আমার পছন্দের। অনেক পছন্দের। বলেছিলেন প্রায় মাসখানিক আগে। বয়স সাতচল্লিশে শোনে কে গান? গান শুনবে তো টিনেজার গ্রুপ। আমার দশ বিশেও শুনেছি গান, আট দশ ঘন্টা করে প্রতিদিন। বন্ধুর ওয়াকম্যানেও শুনেছি ক্যাডেট কলেজে। চুরি করে। বাদ দেইনি তখনো। এখন, হয়তোবা কমে এসেছে তিন ঘন্টায়। প্রতিদিন। \r"}]}]},{"kind":"block","type":"paragraph","key":"5fe68eb85e7a4837b84c547c46009262","isVoid":false,"data":{},"nodes":[{"kind":"text","key":"7612ad63601343d8be929056d883d281","ranges":[{"kind":"range","marks":[],"text":"তবে, মজার কথা - এখন শুনি অনেক মন দিয়ে। বুঝতে চাই গলার টেক্সচার। অনেকের ভাষায় টিম্বার। গায়কের একান্ত সংযোগ। মনের সাথে। কানের সাথে যোগ দিয়েছে সাতচল্লিশের অভিজ্ঞতা। দাড়িয়ে যাই গায়কের জায়গায়। মনের অজান্তে। \r"}]}]},{"kind":"block","type":"paragraph","key":"c3f586a07fbd43c893e23c7ec25a729f","isVoid":false,"data":{},"nodes":[{"kind":"text","key":"7f5b6a7ff30b41eb915d8db645aaab03","ranges":[{"kind":"range","marks":[],"text":"টিনেজার বয়সে ছিলো না পয়সা। ছিলো না ভালো যন্ত্র। এখন যাই শুনি হাই-ডেফিনেশনে - মনে হয় শুনছি নতুন করে। সাউন্ড কোয়ালিটির অসাধারণ উচ্চতায় ভেসে যাই নতুন গানগুলোতে। \r"}]}]},{"kind":"block","type":"paragraph","key":"aa9120251ecd490dae2b4bc15454ebf8","isVoid":false,"data":{},"nodes":[{"kind":"text","key":"472df61c2f384666b6d62c3c5c81ec68","ranges":[{"kind":"range","marks":[],"text":"I know I'm probably better off on my own\r"}]}]},{"kind":"block","type":"paragraph","key":"d59b099578634d5e9d35ffcad991a328","isVoid":false,"data":{},"nodes":[{"kind":"text","key":"f1ffb63967e94861be5daff759c772c0","ranges":[{"kind":"range","marks":[],"text":"I know the bravest thing I ever did was run\r"}]}]},{"kind":"block","type":"paragraph","key":"80db5b8f11374b888a14a3e18a797a40","isVoid":false,"data":{},"nodes":[{"kind":"text","key":"961cda7ecde742949a4bfaa7c2dcf8d1","ranges":[{"kind":"range","marks":[],"text":"Sometimes, in the middle of the night, I can feel you again\r"}]}]},{"kind":"block","type":"paragraph","key":"4849a50aa22949638a37d1840845fdd8","isVoid":false,"data":{},"nodes":[{"kind":"text","key":"77ceedba24c6448eb51da83a21c4cc28","ranges":[{"kind":"range","marks":[],"text":"But I just miss you, and I just wish you were a better man\r"}]}]},{"kind":"block","type":"paragraph","key":"8d34d91c61db49c591802ca96757cfb8","isVoid":false,"data":{},"nodes":[{"kind":"text","key":"5c69a31d993e44408622fa8fe9b02eef","ranges":[{"kind":"range","marks":[],"text":"এই মুহুর্তে শুনছি ‘লিটল বিগ টাউনে’র একটা গান। এক কথায় অসাধারণ। ক্যারেন ফেয়ারচাইল্ডের গলার শুরুর টেক্সচার গানটাকে নিয়ে গেছে অন্য ধারায়। শুনেই দেখুন প্রথম বিশ সেকেন্ড, গান ওড়ার একটা ফার্স্টহ্যান্ড ধারণা পাবেন এখনি। গানটা লিখেছে টেইলর সুইফট। যে যাই বলুক, এমন হার্টফেল্ট ছন্দ মেলাতে পারে না অনেকেই। গানের আবার ভিডিও কি? গানের সাথে দেখার সম্পর্ক কোথায়? তবে, যারা দেখতে চান, তারাও অবাক হবেন বৈকি। \r"}]}]},{"kind":"block","type":"paragraph","key":"c7cc664df029450ab7c6f85b91e0229c","isVoid":false,"data":{},"nodes":[{"kind":"text","key":"4c917a08541d449fbe27852fa456161d","ranges":[{"kind":"range","marks":[],"text":"স্বাতী জানে না গানটার ব্যাপারটা। এখনো। জানলেই বিপদ। ভীষণ বিপদ।"}]}]},{"kind":"block","type":"heading-1","key":"5eefe8638e8a4ab390404dcfddfe3081","isVoid":false,"data":{},"nodes":[{"kind":"text","key":"fe9aa8924c6e4be58f37f44dda0844f5","ranges":[{"kind":"range","marks":[],"text":"নতুনদের একটা গান"}]}]},{"kind":"block","type":"paragraph","key":"7cfdca1b033041cfa303a40265da0170","isVoid":false,"data":{},"nodes":[{"kind":"text","key":"b665e88dca1f498db8980de6096e55ed","ranges":[{"kind":"range","marks":[],"text":"গান শোনেন যারা, মানে বর্তমান জমানার, তাদের কাছে প্রস্তর যুগের মানুষ আমি। মিথ্যা বলিনি। আসলেই তাই। আশির দশকের গান ‘শোনেআলা’কে বলবেই বা কি এখনকার মিলেনিয়ালসরা? ‘আউটডেটেড’ হয়ে গিয়েছি বহু আগে। সত্যি বলছি। মেশিন লার্নিংয়ে রেকোমেন্ডার সিস্টেম আমার মেজাজের অ্যালবাম বাছাই করে ভালো। নতুন গায়ক গায়িকারাও মাঝে মধ্যে অবাক করে এই ‘আউটডেটেড’ আমাকে।  \r"}]}]},{"kind":"block","type":"paragraph","key":"4835cf334ef44d88b664fb9b7694301b","isVoid":false,"data":{},"nodes":[{"kind":"text","key":"3d7ae4cf74064453a105cecedbfff6a9","ranges":[{"kind":"range","marks":[],"text":"Then I'll run to him, big hug, jump in\r"}]}]},{"kind":"block","type":"paragraph","key":"0dfc87d9b26945f7941654dfb99563b5","isVoid":false,"data":{},"nodes":[{"kind":"text","key":"04daf3eeef1244bdbd557077b230ce05","ranges":[{"kind":"range","marks":[],"text":"And I cry for her out the window\r"}]}]},{"kind":"block","type":"paragraph","key":"81ba1b4055e64127a97b1948bcf631af","isVoid":false,"data":{},"nodes":[{"kind":"text","key":"dd88b8eb763c446faccfb1c62bf38882","ranges":[{"kind":"range","marks":[],"text":"\r"}]}]},{"kind":"block","type":"paragraph","key":"645a6c81ad614166bfc0fdef900d4415","isVoid":false,"data":{},"nodes":[{"kind":"text","key":"2838bc674663464ba3f4404710211212","ranges":[{"kind":"range","marks":[],"text":"Some mamas and daddies are loving in a straight line\r"}]}]},{"kind":"block","type":"paragraph","key":"55771ea36058461f9846fa9f9482e3f5","isVoid":false,"data":{},"nodes":[{"kind":"text","key":"3cd6a94963e5487a825af3a7c9cb2088","ranges":[{"kind":"range","marks":[],"text":"Take forever to hearten and take a long sweet ride\r"}]}]},{"kind":"block","type":"paragraph","key":"e5c290ac918444cb8ea9e8d41c5872bb","isVoid":false,"data":{},"nodes":[{"kind":"text","key":"34daf0a29fba4e42b44b632f6c9aa30c","ranges":[{"kind":"range","marks":[],"text":"But some mamas and daddies\r"}]}]},{"kind":"block","type":"paragraph","key":"c6089747c3b447bf817f90b3597dcf42","isVoid":false,"data":{},"nodes":[{"kind":"text","key":"e3cd397a95704a6ea7e0a681992dd3b5","ranges":[{"kind":"range","marks":[],"text":"Let their heartstrings tear and tangle\r"}]}]},{"kind":"block","type":"paragraph","key":"b191212773fc4899af9e5c38f4cd6594","isVoid":false,"data":{},"nodes":[{"kind":"text","key":"1d8678f2ca134bb883d5850265c4e316","ranges":[{"kind":"range","marks":[],"text":"And some of us get stuck in a love triangle\r"}]}]},{"kind":"block","type":"paragraph","key":"c411d7b5fa654b7486624d02e5cfa711","isVoid":false,"data":{},"nodes":[{"kind":"text","key":"c198341b1d0e4adcb2ee3a4cb42803ea","ranges":[{"kind":"range","marks":[],"text":"বাবা মার সম্পর্ক নিয়ে তটস্থ থাকে বাচ্চারা। বোঝেও আগে তারা। সবার আগে। এটাও ঠিক - খারাপ জিনিসটার প্রভাব সবার আগে পড়ে সন্তানদের ওপর। বড়রা বোঝেন না অথবা বুঝতে চান না ওই সময়টাতে। দুপাশের ওই টানাপোড়েনের গান দিয়ে বিদেয় হই আমি। গানটার কথার সাথে ভিডিওটা আমাকে কাঁদিয়েছে কিছুটা সময়। ধন্যবাদ রেয়লিনকে। একটা চমৎকার পার্সপেক্টিভ দেবার জন্য।  \r"}]}]},{"kind":"block","type":"paragraph","key":"0d86bfd41d6345fc96b475f7c574bb46","isVoid":false,"data":{},"nodes":[{"kind":"text","key":"9bcb7e0d2f7040e29dd432bc56cf9a24","ranges":[{"kind":"range","marks":[],"text":""}]}]}]}}