{"format_version":1,"document":{"kind":"document","key":"8e361a5443e846d4a6421ad4e905fdba","data":{"schema_version":3},"nodes":[{"kind":"block","type":"paragraph","key":"08102c2c700a4b7793b338cc37bb00f8","isVoid":false,"data":{},"nodes":[{"kind":"text","key":"efd837fbc53449408be01739234f33a6","ranges":[{"kind":"range","marks":[],"text":"আমরা সময় পেলেই গান শুনি। গান জিনিসটা আসলে জড়িয়ে আছে আমাদের সবার সাথে। তবে এই গানকে মানে যিনি গানটা করেছেন অথবা যিনি গানটা রেকর্ডিং করেছেন, তাদের মনের মতো করে যদি শুনতে পাওয়া যেত? অর্থাৎ উনারা যেভাবে চেয়েছেন সেভাবে যদি শুনতে পেতাম? এটার একটা উপায় হতে পারে। যখন গানটা রেকর্ডিং হয়, তখন সেই রেকর্ডিং স্টুডিওতে সাউন্ড ইঞ্জিনিয়ার যেভাবে গানটা শুনেছেন, তার পাশে বসে সেভাবে যদি গানটা শুনতে পেতাম?"}]}]},{"kind":"block","type":"paragraph","key":"2f7f87cec8854e4e9c1f7d1790cfc5e3","isVoid":false,"data":{},"nodes":[{"kind":"text","key":"8e54fea984604a3e8716c5049e9801fa","ranges":[{"kind":"range","marks":[],"text":"চলুন ঘুরে আসি পাগলকরা এই জগতে!"}]}]}]}}