{"uid":"-LAcp0DZQ9G9Giag_yde","message":"","createdAt":"2018-04-21T15:32:08.903Z","createdBy":"59e244c020bd9f002c67cedf","parents":["-LAcneslHy0xMFR_3GAO"],"versions":{"master":{"ref":"master","title":"Primary version","page":{"uid":"-LAOajRYavKP8V5u-AiY","title":"অডিওফাইলের গল্প","kind":"document","description":"বাংলায় অডিওর ভেতর নিয়ে আকাশ পাতাল গল্প। পানির মতো সহজ করে লেখা হয়েছে সবার কথা চিন্তা করে।","path":"master","href":null,"documentURL":"https://firebasestorage.googleapis.com/v0/b/gitbook-28427.appspot.com/o/documents%2F-LAOajRXkx1WE8qGT94D%2F-LAYGZlOi5zEV2GEgBmR%2Fmaster%2F-LAOajRYavKP8V5u-AiY%2Fdocument.json?alt=media&token=108906f3-6e77-4d34-b580-4a2ea9a31d7f","createdAt":"2018-04-18T16:33:54.467Z","lastModifiedAt":"2018-04-20T13:39:33.816Z","pages":[{"uid":"-LAOlWIlIM6uY50a-ikk","title":"শব্দের গল্প","kind":"document","description":"বইটা এখনো লিখছি, খসড়া হিসেবে আপডেট করছি প্রতিনিয়তঃ। ধারণা করছি, শেষ হবে ২০১৮ এর মাঝামাঝি।","path":"story_of_sound","href":null,"documentURL":"https://firebasestorage.googleapis.com/v0/b/gitbook-28427.appspot.com/o/documents%2F-LAOajRXkx1WE8qGT94D%2F-LAU5vG4c7DF4Ot9g4rj%2Fmaster%2F-LAOlWIlIM6uY50a-ikk%2Fdocument.json?alt=media&token=e21a802f-5018-4188-bb01-ef32e27740a6","createdAt":"2018-04-18T17:21:00.145Z","lastModifiedAt":"2018-04-19T18:13:29.647Z","pages":[],"modifiedBy":["59e244c020bd9f002c67cedf"],"github":{"sha":"a37bbeaea0df6073ad021b55375875948c0cdd1a","filePath":"story_of_sound.md"},"isPathUntouched":false,"stats":{"words":0,"images":0,"codeLines":0,"revisions":3}},{"uid":"-LAOodah37ZH5fhJd0W6","title":"কিভাবে এলাম এই শব্দে?","kind":"document","description":"","path":"how_did_i","href":null,"documentURL":"https://firebasestorage.googleapis.com/v0/b/gitbook-28427.appspot.com/o/documents%2F-LAOajRXkx1WE8qGT94D%2F-LAYCKzew9rHr12m3PIX%2Fmaster%2F-LAOodah37ZH5fhJd0W6%2Fdocument.json?alt=media&token=1d41c9a8-cd55-4525-8964-37b25c9c31e2","createdAt":"2018-04-18T17:34:40.557Z","lastModifiedAt":"2018-04-20T13:19:16.567Z","pages":[],"modifiedBy":["59e244c020bd9f002c67cedf"],"github":{"sha":"2ca9f377fcd964826bbfb7bd092ffb84b2fc37f2","filePath":"how_did_i.md"},"isPathUntouched":false,"stats":{"words":0,"images":0,"codeLines":0,"revisions":5}},{"uid":"-LAOlmZRIWU5ApWZOpyZ","title":"স্পিকার নিয়ে কথাবার্তা","kind":"document","description":"","path":"speakers","href":null,"documentURL":"https://firebasestorage.googleapis.com/v0/b/gitbook-28427.appspot.com/o/documents%2F-LAOajRXkx1WE8qGT94D%2F-LATvUz9HL8FrqId_amY%2Fmaster%2F-LAOlmZRIWU5ApWZOpyZ%2Fdocument.json?alt=media&token=55dc01c8-7e01-46e2-9a6c-ce64c98e4973","createdAt":"2018-04-18T17:22:10.844Z","lastModifiedAt":"2018-04-19T17:23:32.996Z","pages":[],"modifiedBy":["59e244c020bd9f002c67cedf"],"github":{"sha":"31df7084ae5e0d843709546fc1d780a079b2c829","filePath":"speakers.md"},"isPathUntouched":false,"stats":{"words":0,"images":0,"codeLines":0,"revisions":3}},{"uid":"-LATltiWf7Gee78oO_aL","title":"পার্সোনাল অডিওফাইল সেটআপ","kind":"document","description":"","path":"dac_amp","href":null,"documentURL":"https://firebasestorage.googleapis.com/v0/b/gitbook-28427.appspot.com/o/documents%2F-LAOajRXkx1WE8qGT94D%2F-LATlj8xhAsfH3QjwoJK%2Fmaster%2F-LATltiWf7Gee78oO_aL%2Fdocument.json?alt=media&token=2476201a-fa3c-4a8e-8673-e223cda3c049","createdAt":"2018-04-19T16:40:46.241Z","lastModifiedAt":"2018-04-19T16:45:02.348Z","pages":[],"modifiedBy":["59e244c020bd9f002c67cedf"],"github":{"sha":"b8f396c01a0b649a306dd396ee000233631fc3d4","filePath":"dac_amp.md"},"isPathUntouched":false,"stats":{"words":2,"images":0,"codeLines":0,"revisions":1}},{"uid":"-LAU4mE_AqjGAnsWLzP9","title":"ড্যাক অ্যাম্পের কিছু আলাপ","kind":"document","description":"","path":"dac_amp_intro","href":null,"documentURL":"https://firebasestorage.googleapis.com/v0/b/gitbook-28427.appspot.com/o/documents%2F-LAOajRXkx1WE8qGT94D%2F-LAU3sRGp7HXRNaGWSbW%2Fmaster%2F-LAU4mE_AqjGAnsWLzP9%2Fdocument.json?alt=media&token=26497628-ce2c-4074-93b7-67631ab0ecc0","createdAt":"2018-04-19T18:07:38.469Z","lastModifiedAt":"2018-04-19T18:11:01.567Z","pages":[],"modifiedBy":["59e244c020bd9f002c67cedf"],"github":{"sha":"9f27047d2c204dd5ad3b8a98b87dee625642ec4f","filePath":"dac_amp_intro.md"},"isPathUntouched":false,"stats":{"words":0,"images":0,"codeLines":0,"revisions":1}},{"uid":"-LAU9Tr22qkuDWu4IdGc","title":"কিছু গানের কথা","kind":"document","description":"","path":"music_stories","href":null,"documentURL":"https://firebasestorage.googleapis.com/v0/b/gitbook-28427.appspot.com/o/documents%2F-LAOajRXkx1WE8qGT94D%2F-LAU9Sh9vh1mVcpnxr7f%2Fmaster%2F-LAU9Tr22qkuDWu4IdGc%2Fdocument.json?alt=media&token=8a9b586c-20e9-4f07-a420-0124bc32dbe8","createdAt":"2018-04-19T18:28:09.795Z","lastModifiedAt":"2018-04-19T18:35:05.175Z","pages":[],"modifiedBy":["59e244c020bd9f002c67cedf"],"github":{"sha":"7632d059199a5b82b54e9afc27239739b2025ce4","filePath":"music_stories.md"},"isPathUntouched":false,"stats":{"words":105,"images":0,"codeLines":0,"revisions":1}},{"uid":"-LAWPhd8zbk7YoQtZQ4U","title":"হেডফোনের আদ্যোপান্ত","kind":"document","description":"","path":"all_about_headphone","href":null,"documentURL":"https://firebasestorage.googleapis.com/v0/b/gitbook-28427.appspot.com/o/documents%2F-LAOajRXkx1WE8qGT94D%2F-LAWPgfW9ivKT1oHUxzS%2Fmaster%2F-LAWPhd8zbk7YoQtZQ4U%2Fdocument.json?alt=media&token=a8d1c014-7a94-48df-8ccf-93f42074b774","createdAt":"2018-04-20T04:58:19.081Z","lastModifiedAt":"2018-04-20T04:59:49.985Z","pages":[],"modifiedBy":["59e244c020bd9f002c67cedf"],"github":{"sha":"4d2b80bf5b5faafc55ce87e06acb8b11e0dccb74","filePath":"all_about_headphone.md"},"isPathUntouched":false,"stats":{"words":0,"images":0,"codeLines":0,"revisions":1}},{"uid":"-LAWRjw3nHNQqDiPPv8y","title":"ভালো হেডফোনের খোঁজে","kind":"document","description":"","path":"in_search_headphones","href":null,"documentURL":"https://firebasestorage.googleapis.com/v0/b/gitbook-28427.appspot.com/o/documents%2F-LAOajRXkx1WE8qGT94D%2F-LAWRiJFzxRpUWmMc68s%2Fmaster%2F-LAWRjw3nHNQqDiPPv8y%2Fdocument.json?alt=media&token=4f7f17c8-938e-4f67-9770-5e234ecb211e","createdAt":"2018-04-20T05:07:12.772Z","lastModifiedAt":"2018-04-20T05:09:52.941Z","pages":[],"modifiedBy":["59e244c020bd9f002c67cedf"],"github":{"sha":"1a812309e95ba6e92f2ee90a1a121d2c19069b06","filePath":"in_search_headphones.md"},"isPathUntouched":false,"stats":{"words":0,"images":0,"codeLines":0,"revisions":1}},{"uid":"-LAWS4ZJeCbTmhF0-EHm","title":"ইকুয়ালাইজেশন কেন?","kind":"document","description":"","path":"why_equalization","href":null,"documentURL":"https://firebasestorage.googleapis.com/v0/b/gitbook-28427.appspot.com/o/documents%2F-LAOajRXkx1WE8qGT94D%2F-LAWSRz9CRwtG1hQb70n%2Fmaster%2F-LAWS4ZJeCbTmhF0-EHm%2Fdocument.json?alt=media&token=d27f1c88-ab81-4c0f-b649-e5d0f9ed00eb","createdAt":"2018-04-20T05:08:41.364Z","lastModifiedAt":"2018-04-20T05:12:39.717Z","pages":[],"modifiedBy":["59e244c020bd9f002c67cedf"],"github":{"sha":"e20a7d1d6daba978cb77ba497d17bd3a91ab4be1","filePath":"why_equalization.md"},"isPathUntouched":false,"stats":{"words":0,"images":0,"codeLines":0,"revisions":2}},{"uid":"-LAWTNuKGyX58lRojsFk","title":"ইকুয়ালাইজেশন না থাকলে কেমন হয়?","kind":"document","description":"","path":"no_equalization","href":null,"documentURL":"https://firebasestorage.googleapis.com/v0/b/gitbook-28427.appspot.com/o/documents%2F-LAOajRXkx1WE8qGT94D%2F-LAWTMq89ecYfuwgGExs%2Fmaster%2F-LAWTNuKGyX58lRojsFk%2Fdocument.json?alt=media&token=0bfb951a-9cd2-4609-b025-f5dc475b2ffd","createdAt":"2018-04-20T05:14:22.741Z","lastModifiedAt":"2018-04-20T05:18:30.118Z","pages":[],"modifiedBy":["59e244c020bd9f002c67cedf"],"github":{"sha":"5b6f3e53fe220ac41c46305511b46db7f7623a6b","filePath":"no_equalization.md"},"isPathUntouched":false,"stats":{"words":0,"images":0,"codeLines":0,"revisions":1}},{"uid":"-LAW_2FiW3THxaKB_Een","title":"ইকুয়ালাইজার কিভাবে কাজ করে?","kind":"document","description":"","path":"how_equalization_works","href":null,"documentURL":"https://firebasestorage.googleapis.com/v0/b/gitbook-28427.appspot.com/o/documents%2F-LAOajRXkx1WE8qGT94D%2F-LAW_1cNTZLqTNFi-kpK%2Fmaster%2F-LAW_2FiW3THxaKB_Een%2Fdocument.json?alt=media&token=da7dbdac-2935-43bb-b4b8-a6d39070e5ec","createdAt":"2018-04-20T05:43:29.070Z","lastModifiedAt":"2018-04-20T05:45:11.804Z","pages":[],"modifiedBy":["59e244c020bd9f002c67cedf"],"github":{"sha":"25c8c77024a55ab15caea892b855bbea19e71571","filePath":"how_equalization_works.md"},"isPathUntouched":false,"stats":{"words":0,"images":0,"codeLines":0,"revisions":1}},{"uid":"-LAW_ahfeZ8HDkU8vqHS","title":"হাই-রেজল্যুশন অডিও","kind":"document","description":"","path":"high_res_audio","href":null,"documentURL":"https://firebasestorage.googleapis.com/v0/b/gitbook-28427.appspot.com/o/documents%2F-LAOajRXkx1WE8qGT94D%2F-LAbDtzxKvr10vx2JvNT%2Fmaster%2F-LAW_ahfeZ8HDkU8vqHS%2Fdocument.json?alt=media&token=fbde3252-27c8-4c41-9ff7-c971f17c6739","createdAt":"2018-04-20T05:45:54.283Z","lastModifiedAt":"2018-04-21T08:05:49.019Z","pages":[],"modifiedBy":["59e244c020bd9f002c67cedf"],"github":{"sha":"061972e2d909139fb1c1a541b31bea704c136fed","filePath":"high_res_audio.md"},"isPathUntouched":false,"stats":{"words":0,"images":0,"codeLines":0,"revisions":2}},{"uid":"-LAWdd8TcrKB8UZ2BCyE","title":"হেডফোন অ্যাম্পলিফায়ার","kind":"document","description":"","path":"headphone_amp","href":null,"documentURL":"https://firebasestorage.googleapis.com/v0/b/gitbook-28427.appspot.com/o/documents%2F-LAOajRXkx1WE8qGT94D%2F-LAWdcdPXD_U1kCKAydv%2Fmaster%2F-LAWdd8TcrKB8UZ2BCyE%2Fdocument.json?alt=media&token=bf89d903-7db8-4c8c-aa2b-c5950798ca5a","createdAt":"2018-04-20T06:03:32.830Z","lastModifiedAt":"2018-04-20T06:12:22.925Z","pages":[],"modifiedBy":["59e244c020bd9f002c67cedf"],"github":{"sha":"902ac6c924fc0b3b4dc2a5538d648318d43d1841","filePath":"headphone_amp.md"},"isPathUntouched":false,"stats":{"words":0,"images":0,"codeLines":0,"revisions":1}},{"uid":"-LAbBc69Xe1HsAK4I6OV","title":"'ডিজিটাল টু এনালগ কনভার্টার' (ড্যাক) আসলে কী?","kind":"document","description":"","path":"what_is_dac","href":null,"documentURL":"https://firebasestorage.googleapis.com/v0/b/gitbook-28427.appspot.com/o/documents%2F-LAOajRXkx1WE8qGT94D%2F-LAbBadXQga0tE6YHd90%2Fmaster%2F-LAbBc69Xe1HsAK4I6OV%2Fdocument.json?alt=media&token=31d96f43-5e37-4e7e-8746-65649dbca93f","createdAt":"2018-04-21T07:54:29.706Z","lastModifiedAt":"2018-04-21T07:56:39.478Z","pages":[],"modifiedBy":["59e244c020bd9f002c67cedf"],"github":{"sha":"8b1fa1f47224dd8112ae156ee4752550fcbc8650","filePath":"what_is_dac.md"},"isPathUntouched":false,"stats":{"words":0,"images":0,"codeLines":0,"revisions":1}},{"uid":"-LAbEI4CObAOU25BwLjK","title":"সাউন্ড সোর্স, গানের প্রাণ","kind":"document","description":"","path":"sound_source","href":null,"documentURL":"https://firebasestorage.googleapis.com/v0/b/gitbook-28427.appspot.com/o/documents%2F-LAOajRXkx1WE8qGT94D%2F-LAbEGpJS_XqEEsXQwtX%2Fmaster%2F-LAbEI4CObAOU25BwLjK%2Fdocument.json?alt=media&token=965c3750-38fc-4c68-8dc1-f8b71ddb429c","createdAt":"2018-04-21T08:06:09.997Z","lastModifiedAt":"2018-04-21T08:09:13.461Z","pages":[],"modifiedBy":["59e244c020bd9f002c67cedf"],"github":{"sha":"ec48265f89a1797b02ac434bcdc6bfc6c78d754b","filePath":"sound_source.md"},"isPathUntouched":false,"stats":{"words":0,"images":0,"codeLines":0,"revisions":1}},{"uid":"-LAbG1GjVaHbSCZUGnNR","title":"গান এনকোড করার কাহিনী","kind":"document","description":"","path":"encoder","href":null,"documentURL":"https://firebasestorage.googleapis.com/v0/b/gitbook-28427.appspot.com/o/documents%2F-LAOajRXkx1WE8qGT94D%2F-LAbG-z7Fi8oagzhzPhn%2Fmaster%2F-LAbG1GjVaHbSCZUGnNR%2Fdocument.json?alt=media&token=dcc7c61a-cfa2-4f1f-939a-fa9d24f23a4a","createdAt":"2018-04-21T08:13:45.455Z","lastModifiedAt":"2018-04-21T14:36:04.284Z","pages":[],"modifiedBy":["59e244c020bd9f002c67cedf"],"github":{"sha":"69a45dbef30237b3ea492b5bcf94f98f73fc1ac4","filePath":"encoder.md"},"isPathUntouched":false,"stats":{"words":0,"images":0,"codeLines":0,"revisions":1}},{"uid":"-LAbI4EX29WFYBf4Fr0v","title":"এমপি-থ্রী ফাইল ফরম্যাট","kind":"document","description":"","path":"mp3_music","href":null,"documentURL":"https://firebasestorage.googleapis.com/v0/b/gitbook-28427.appspot.com/o/documents%2F-LAOajRXkx1WE8qGT94D%2F-LAcdEniNEeuQ_xNjluR%2Fmaster%2F-LAbI4EX29WFYBf4Fr0v%2Fdocument.json?alt=media&token=8ce69d11-7785-4775-a902-e5ac7e61abb0","createdAt":"2018-04-21T08:22:41.890Z","lastModifiedAt":"2018-04-21T14:44:21.043Z","pages":[],"modifiedBy":["59e244c020bd9f002c67cedf"],"github":{"sha":"80e0df001c396fc0a0e6076cd0c70554a47dd956","filePath":"mp3_music.md"},"isPathUntouched":false,"stats":{"words":22,"images":0,"codeLines":0,"revisions":2}},{"uid":"-LAcm7YbCeVqgnv8RwrS","title":"গানের আসল সোর্স","kind":"document","description":"","path":"music_source","href":null,"documentURL":"https://firebasestorage.googleapis.com/v0/b/gitbook-28427.appspot.com/o/documents%2F-LAOajRXkx1WE8qGT94D%2F-LAcm6nOmoKxCqqxDowl%2Fmaster%2F-LAcm7YbCeVqgnv8RwrS%2Fdocument.json?alt=media&token=0b12395b-e20a-4a85-b5da-4e6037dffcf7","createdAt":"2018-04-21T15:17:59.143Z","lastModifiedAt":"2018-04-21T15:20:38.437Z","pages":[],"modifiedBy":["59e244c020bd9f002c67cedf"],"github":{"sha":"abcbfe84d9b273219e907adeb4dbc0775fdbfe00","filePath":"music_source.md"},"isPathUntouched":false,"stats":{"words":0,"images":0,"codeLines":0,"revisions":1}}],"modifiedBy":["59e244c020bd9f002c67cedf"],"github":{"sha":"b4a2b94a093c392b2a9a30f84c4c287982a65c92","filePath":"README.md"},"isPathUntouched":false,"stats":{"words":0,"images":0,"codeLines":0,"revisions":5}},"github":{"repoID":"raqueeb/audiophile","sha":"a63b19c729166c5f80ec9be584faadb721138a59","message":"GitBook: [master] 7 pages modified","ref":null,"isGitBookBot":true}}},"primaryVersionID":"master","assets":{},"github":[{"repoID":"raqueeb/audiophile","sha":"a63b19c729166c5f80ec9be584faadb721138a59","message":"GitBook: [master] 7 pages modified","ref":null,"isGitBookBot":true}],"rollbackOf":null}