{"uid":"-LAOajRXkx1WE8qGT94D","name":"অডিওফাইলের গল্প","baseName":"audiophile","ownerID":"-LA3F_Sfp0shbjAKYAnQ","isPrivate":false,"isUnlisted":false,"secretToken":null,"createdAt":"2018-04-18T16:31:05.319Z","updatedAt":"2018-04-18T16:31:05.319Z","createdBy":"59e244c020bd9f002c67cedf","logoURL":"https://firebasestorage.googleapis.com/v0/b/gitbook-28427.appspot.com/o/spaces%2F-LAOajRXkx1WE8qGT94D%2Favatar.png?generation=1524071207712004&alt=media","colorPrimary":"#b05c46","primaryRevision":"-LAcp0DZQ9G9Giag_yde","algoliaAPIKey":"ZjVlNmE3Zjk1NTNlZWE0MmZkMTBjNjU3ZDdlNmE3ZjY5ZDk5MzYxNjU4ZDA4MzVmMzY4YjU2NjZmMmM4Y2RhZmZpbHRlcnM9LUxBT2FqUlhreDFXRThxR1Q5NEQ=","customDomain":null,"links":[],"hasGitHubSync":true,"editOnGitHub":"raqueeb/audiophile","googleAnalyticsID":null,"intercomID":null,"hasPageRating":true}