{"format_version":1,"document":{"kind":"document","key":"8117734ed0f3477ea3f27034d0be6cfa","data":{"schema_version":5},"nodes":[{"kind":"block","type":"paragraph","key":"3583c0e5686743a7931c58e54ae59ccd","isVoid":false,"data":{},"nodes":[{"kind":"text","key":"edfb72e19cce47a19c985e75e7eda29d","ranges":[{"kind":"range","marks":[],"text":"বাংলাদেশ সেনাবাহিনী, যোগাযোগ প্রযুক্তিতে ডুবিয়ে রেখেছেন এতোগুলো বছর। "}]}]},{"kind":"block","type":"paragraph","key":"887c614229b14ea69c7f5c7f652ac592","isVoid":false,"data":{},"nodes":[{"kind":"text","key":"5122a761006d4518be88cdf3270abb0e","ranges":[{"kind":"range","marks":[],"text":"যে কোম্পানিগুলোর কথা না বললেই নয়, যারা বছরের পর বছর আমাকে আপডেট রেখেছেন তাদের ম্যাগাজিনগুলো দিয়ে। সাথে তো অসাধারণ হ্যান্ডবুকগুলো আছে। "}]}]},{"kind":"block","type":"paragraph","key":"cb0d8a94c6184764ae39ffb54e0d2858","isVoid":false,"data":{},"nodes":[{"kind":"text","key":"12c9bcc93c4644288df29bb3867b7603","ranges":[{"kind":"range","marks":[],"text":"সবচেয়ে প্রথমে চলে আসে ১. এরিকসন টেকনোলজি রিভিউ। আমার অভিজ্ঞতা মতে - জ্ঞান বিতরণে এরিকসন একটা অসাধারণ কোম্পানি। দেশে বিদেশের প্রচুর কনফারেন্স আর রোড শো-তে গিয়ে মনে হয়েছে, তারা প্রযুক্তি নিয়েই শুধু কাজ করে না, সেগুলো নিয়ে জানাতেও ভালোবাসে। তাদের \"এরিকসন টেকনোলজি রিভিউ\" ম্যাগাজিনটা আমাকে মনে রেখেছে বছরের পর বছর। প্রিন্ট এডিশন পাঠিয়ে। "}]}]},{"kind":"block","type":"paragraph","key":"4faea24d97344dcf8f3163a1f9ed1917","isVoid":false,"data":{},"nodes":[{"kind":"text","key":"2359615c253440d49146deaedd5e90bb","ranges":[{"kind":"range","marks":[],"text":"রোড্স্ এন্ড শোয়ার্জ"}]}]},{"kind":"block","type":"paragraph","key":"de68f16b3cf84b2ab7227ac099447157","isVoid":false,"data":{},"nodes":[{"kind":"text","key":"751bce018edc401b92fbc7fdf916c823","ranges":[{"kind":"range","marks":[],"text":"হুয়াওয়ে "}]}]},{"kind":"block","type":"paragraph","key":"550d09c4303a49f8bf9a5802ad89129b","isVoid":false,"data":{},"nodes":[{"kind":"text","key":"7b146e8f8e5b453db6f07505034a62ef","ranges":[{"kind":"range","marks":[],"text":""}]}]},{"kind":"block","type":"paragraph","key":"aa7d62968a564719897f522c7749666c","isVoid":false,"data":{},"nodes":[{"kind":"text","key":"77949382589442b7b2daf9b0fcb217e5","ranges":[{"kind":"range","marks":[],"text":""}]}]}]}}