{"format_version":1,"document":{"kind":"document","key":"fe66197d2b5541e9bf44815e7047464e","data":{"schema_version":5},"nodes":[{"kind":"block","type":"hint","key":"ce96f09922704878a95729105338e727","isVoid":false,"data":{"style":"info"},"nodes":[{"kind":"block","type":"paragraph","key":"c5b9662f90274536b7e22209e68b4a22","isVoid":false,"data":{},"nodes":[{"kind":"text","key":"081e55305869427fb167ac1948dfb618","ranges":[{"kind":"range","marks":[],"text":"বইটা ড্রাফট অবস্থায় আছে। টাইমলাইন: বইমেলা ২০১৯। মতামতগুলো আমার নিজস্ব। এই লেখা আমার অর্গানাইজেশনের মতামত নয়। ক্রাউডসোর্সিং মডেলে আপনার ইনপুট দিলে আমি বাধিত থাকবো। পাশাপাশি বইটার গ্রহণযোগ্যতা বাড়বে। ধন্যবাদ। "}]}]},{"kind":"block","type":"paragraph","key":"c9f36ec341fb47faad851327574b1dc2","isVoid":false,"data":{},"nodes":[{"kind":"text","key":"b8708afab9ff47c59e72e7f9aec2c8a5","ranges":[{"kind":"range","marks":[],"text":"ইনপুট: হোয়াটসঅ্যাপ +৮৮০১৭১৩০৯৫৭৬৭ "}]}]}]},{"kind":"block","type":"heading-1","key":"2af6b59853e94dd88d9fa67e478d1558","isVoid":false,"data":{},"nodes":[{"kind":"text","key":"4127b40bc82a41a4a78deec7914e7a5d","ranges":[{"kind":"range","marks":[],"text":"কৃতজ্ঞতা স্বীকার"}]}]},{"kind":"block","type":"paragraph","key":"acdfc4410da6492683e352e9f8071995","isVoid":false,"data":{},"nodes":[{"kind":"text","key":"41e43fa881d34c0aabaf64e70ef53345","ranges":[{"kind":"range","marks":[],"text":"একজন স্বার্থক কমিউনিকেশন প্রফেশনাল হবার পেছনে কারাই বা ছিলেন আমার পাশে?"}]}]},{"kind":"block","type":"heading-1","key":"32e584cd6b1b4772bf82a13c195a2780","isVoid":false,"data":{},"nodes":[{"kind":"text","key":"ec7b4f3007a24b70bcdc0591beca1281","ranges":[{"kind":"range","marks":[],"text":"যোগাযোগের যোগসূত্র"}]}]},{"kind":"block","type":"paragraph","key":"faa4b8eef3e345b48b95a5abaf867f79","isVoid":false,"data":{},"nodes":[{"kind":"text","key":"89825a5fee814cfd9010e261090378fc","ranges":[{"kind":"range","marks":[],"text":"আচ্ছা, কেনই বা যোগাযোগ প্রযুক্তি এলো? মানুষের যোগাযোগের মধ্যে এই প্রযুক্তির "}]}]},{"kind":"block","type":"heading-1","key":"cc315e08ce5a47e6a500e41f44fbd37a","isVoid":false,"data":{},"nodes":[{"kind":"text","key":"c775a0feb9844c609b6d5ae70377fbe3","ranges":[{"kind":"range","marks":[],"text":" বেতার, রেডিও প্রযুক্তির গল্প"}]}]},{"kind":"block","type":"paragraph","key":"a4fe9eb496d843d6a10998a95c1161f3","isVoid":false,"data":{},"nodes":[{"kind":"text","key":"9e1856ccf683498e86d87fc97ed28528","ranges":[{"kind":"range","marks":[],"text":"পুরো পৃথিবীর সবচেয়ে বেশি \"আর অ্যান্ড ডি\" হচ্ছে কিন্তু এখানে। পুরো পৃথিবীর মানুষের চেয়ে বেশি রেডিও যন্ত্র আছে আমাদের হাতের নাগালে। "}]}]},{"kind":"block","type":"heading-1","key":"ae276a0fd55f430da20de4683f0f4a7a","isVoid":false,"data":{},"nodes":[{"kind":"text","key":"c4a4d7b428444b0b87acd2d78a91b321","ranges":[{"kind":"range","marks":[],"text":"তারের যোগাযোগ "}]}]},{"kind":"block","type":"paragraph","key":"c13de14bc52643a2b88a837d44dc9780","isVoid":false,"data":{},"nodes":[{"kind":"text","key":"ce6a428198904339b58b8a827e474d6f","ranges":[{"kind":"range","marks":[],"text":"পুরো পৃথিবীকে ঘিরে রেখেছে হাজারো ফাইবার অপটিক কেবল। "}]}]},{"kind":"block","type":"paragraph","key":"79d9df1c196c420a9936047d3969cff0","isVoid":false,"data":{},"nodes":[{"kind":"text","key":"7b6d5bad05704daba7f306b317fc4822","ranges":[{"kind":"range","marks":[],"text":""}]}]}]}}