{"format_version":1,"document":{"kind":"document","key":"8117734ed0f3477ea3f27034d0be6cfa","data":{"schema_version":5},"nodes":[{"kind":"block","type":"paragraph","key":"3583c0e5686743a7931c58e54ae59ccd","isVoid":false,"data":{},"nodes":[{"kind":"text","key":"edfb72e19cce47a19c985e75e7eda29d","ranges":[{"kind":"range","marks":[],"text":"আচ্ছা, আপনার হাতে সবসময় কোন জিনিসটা থাকে? আমি বর্তমান সময়ের কথা বলছি। "}]}]},{"kind":"block","type":"paragraph","key":"6db31e195ff54a25ae5508c82476f43f","isVoid":false,"data":{},"nodes":[{"kind":"text","key":"2813003738564fd5ad0e3658820cfcd4","ranges":[{"kind":"range","marks":[],"text":"ঠিক বলেছেন। মোবাইল ফোন। বাসা থেকে বেরুতে মানিব্যাগ না নিলেও ফোনটা নিতে ভুলি না আমরা। ভূমিকম্প, জ্বলোচ্ছাস যাই হোক না কেন এই ফোন নিতে হবে আগে। রিফিউজিরা বিভিন্ন দেশে পালিয়ে ঢুকতেও এই ফোন থাকা চাই হাতে। "}]}]},{"kind":"block","type":"paragraph","key":"ea58e1e554cf43bf8b626269b6f89781","isVoid":false,"data":{},"nodes":[{"kind":"text","key":"d5257e0a2bee4f0ab3470213124e3157","ranges":[{"kind":"range","marks":[],"text":"আচ্ছা, এই ফোনটাতে কী আছে? "}]}]},{"kind":"block","type":"paragraph","key":"fa11258880c94633ab4bf317867f15df","isVoid":false,"data":{},"nodes":[{"kind":"text","key":"d0e036ac1aad4c25861f24df1ada59a5","ranges":[{"kind":"range","marks":[],"text":"ভালো বলেছেন। আসলেই তো - কী আছে এই ফোনে যা মানুষকে পাগল করে রাখছে? "}]}]},{"kind":"block","type":"paragraph","key":"b48acadf87e34256b8b070de21d0a5fc","isVoid":false,"data":{},"nodes":[{"kind":"text","key":"b5a36b110a7d4902a03a6adf89d65db9","ranges":[{"kind":"range","marks":[],"text":"এটা একটা স্মার্ট ডিভাইস যা মানুষকে যুক্ত করে রাখছে তার কাছের মানুষগুলোর সাথে। দিনের অনেক কাজ হয়ে যাচ্ছে এই যন্ত্র দিয়ে। আসলেই একটা \"অসাধারণ\" কমিউনিকেশন ডিভাইস। "}]}]},{"kind":"block","type":"paragraph","key":"9734dedaa5594acc9a8d7f1e59cca371","isVoid":false,"data":{},"nodes":[{"kind":"text","key":"c7c7243f017c4451a11c2484324b3664","ranges":[{"kind":"range","marks":[],"text":"কী আছে এতে?"}]}]},{"kind":"block","type":"paragraph","key":"f1516cc0247541679e5a0ca70907c77f","isVoid":false,"data":{},"nodes":[{"kind":"text","key":"132820383d4143759a22387233d6a8f5","ranges":[{"kind":"range","marks":[],"text":"সেটাতে যাবার আগে একটা গল্প ফাঁদি বরং। ছোটবেলায় বালক \"রকিব\"কে নিয়ে বেশ সমস্যায় ছিলেন তার বাবা মা। বাসার কোন যন্ত্র 'অক্ষত' রাখা যাচ্ছিলো না তার জন্য। চাকুরিজীবী বাবা মা বাসায় ফিরলে দেখা যেতো কোন না কোন যন্ত্র কাজ করছে না। বাসার মেইন সুইচের ফিউজ ওড়ানো ছিলো নিত্যনৈমিত্যিক ব্যাপার। একবার তো আগুন ধরে গেল বাসায়। বালকের কী হয়েছিল সেটা খুলে নাই বা বলি। "}]}]},{"kind":"block","type":"paragraph","key":"879e234e853345d39319748c130528de","isVoid":false,"data":{},"nodes":[{"kind":"text","key":"bf64394ad59b405fbf8e5cdb15137a5d","ranges":[{"kind":"range","marks":[],"text":"তবে, এতে একটা জিনিস হয়েছে। বাড়তি \"পকেট স্ক্রু\"এর পাশাপাশি যন্ত্রগুলো আসলে কিভাবে কাজ করে সেটার একটা বড় ধারণা পাই আমি। কমিউনিকেশন ডিভাইসগুলোর ইন্টারনাল এলিমেন্টগুলোর কাজের হিসেব চলে আসে হাতের নখদর্পনে। বাসার প্রায় সব জিনিসই 'রিপেয়ার' করতে পারি গত বছরগুলো ধরে। ঝামেলা যে হয়না, তাও নয়। নতুন জিনিস খুলে আবার জোড়া লাগানো সহজ তবে ভাগ্য ভালো না হলে বউয়ের জিনিস অক্ষত অবস্থায় ফেরৎ না দিতে পারারও গ্লানি আছে আমার মধ্যে। গল্পের শানেনুযুলঃ পরের প্যারায়। "}]}]},{"kind":"block","type":"hint","key":"2b42c17506da49db89edb1d39da7caaf","isVoid":false,"data":{"style":"info"},"nodes":[{"kind":"block","type":"paragraph","key":"9cd06d2f1ab74c84a4d28caa13ce181c","isVoid":false,"data":{},"nodes":[{"kind":"text","key":"75f543c310eb42a3953725092a711c34","ranges":[{"kind":"range","marks":[],"text":"কয়েকদিন আগেই ঘুরে এলাম অ্যাপল পার্ক ভিজিটর সেন্টার। সেখানে অ্যাপল প্রোডাক্টগুলোর ইভোল্যুশন নিয়ে অনেকগুলো পিক্টোরিয়াল দেখেছিলাম। "}]}]}]},{"kind":"block","type":"paragraph","key":"1e0b60d640254f44a4fb5a00ec046d70","isVoid":false,"data":{},"nodes":[{"kind":"text","key":"65403b4a9b4445779def102c324bae0a","ranges":[{"kind":"range","marks":[],"text":"ধরে নিচ্ছি আপনার হাতে একটা \"আইফোন এক্স\"। "}]}]},{"kind":"block","type":"paragraph","key":"1882ae87f0cd433a8f57abf0b82298c6","isVoid":false,"data":{},"nodes":[{"kind":"text","key":"47d6ddf3734f4e2e89f58ccd5b0f40a3","ranges":[{"kind":"range","marks":[],"text":""}]}]}]}}