{"uid":"-LLGW_SPZkp4FlCMKamK","message":"","createdAt":"2018-08-31T19:47:05.178Z","createdBy":"59e244c020bd9f002c67cedf","parents":["-LLGW8wQqjGT55QuW-sN","-LLGWGNJahAtMJHoD0JJ"],"versions":{"master":{"ref":"master","title":"1.0.0","page":{"uid":"-LLFCw1VTfMA7kRENzwg","title":"যোগাযোগ প্রযুক্তি","kind":"document","description":"যোগাযোগ প্রযুক্তি নিয়ে পড়ে আছি গত তিরিশ বছর ধরে। এটা একটা অসাধারণ যাত্রা। হাজারো প্রযুক্তির ওঠানামার পেছনের গল্পের সাক্ষীও বটে। বিশ্বব্যাপী যোগাযোগের পোর্টফোলিও আর তার শুরুর ধারণা নিয়ে আমার এই বই।","path":"master","href":null,"documentURL":"https://firebasestorage.googleapis.com/v0/b/gitbook-28427.appspot.com/o/documents%2F-LLFCw1UzvIjnA94XFuI%2F-LLGVyJDI-DyVYy6DHsj%2Fmaster%2F-LLFCw1VTfMA7kRENzwg%2Fdocument.json?alt=media&token=51a96eca-4fc2-4c58-903a-ba213189caff","createdAt":"2018-08-31T13:41:37.568Z","lastModifiedAt":"2018-08-31T19:45:07.568Z","pages":[{"uid":"-LLFQEN2EK0la9YrY7s9","title":"কৃতজ্ঞতা স্বীকার","kind":"document","description":"","path":"courtesy","href":null,"documentURL":"https://firebasestorage.googleapis.com/v0/b/gitbook-28427.appspot.com/o/documents%2F-LLFCw1UzvIjnA94XFuI%2F-LLFmLPgQJote_Zuzctt%2Fmaster%2F-LLFQEN2EK0la9YrY7s9%2Fdocument.json?alt=media&token=11d13295-d849-4c37-ac19-87e68db14764","createdAt":"2018-08-31T14:39:44.643Z","lastModifiedAt":"2018-08-31T16:26:31.754Z","pages":[],"modifiedBy":["59e244c020bd9f002c67cedf"],"github":{"sha":"aa406a62efcf10f238fb65b0092a073f46dc2454","filePath":"courtesy.md"},"isPathUntouched":false,"stats":{"words":0,"images":0,"codeLines":0,"revisions":4}},{"uid":"-LLFQVk1k2vMYPIk4mU-","title":"যোগাযোগের যোগসূত্র","kind":"group","description":"","path":"communication-connection","href":null,"documentURL":null,"createdAt":"2018-08-31T14:40:55.810Z","lastModifiedAt":"2018-08-31T14:40:55.810Z","pages":[{"uid":"-LLFQp0Ls-ZuXUtjikfK","title":"যোগাযোগ কিভাবে এলো?","kind":"document","description":"","path":"how-all-started","href":null,"documentURL":null,"createdAt":"2018-08-31T14:42:18.838Z","lastModifiedAt":"2018-08-31T14:52:15.888Z","pages":[{"uid":"-LLGAvMrVWYAg1ToLxMl","title":"যোগাযোগের একটা টাইমলাইন","kind":"document","description":"","path":"timeline","href":null,"documentURL":null,"createdAt":"2018-08-31T18:12:27.767Z","lastModifiedAt":"2018-08-31T18:13:13.256Z","pages":[],"modifiedBy":["59e244c020bd9f002c67cedf"],"github":{"sha":"ebe1869c3150f93eb8d12a295049261306f929c5","filePath":"communication-connection/how-all-started/timeline.md"},"isPathUntouched":false,"stats":{"words":0,"images":0,"codeLines":0,"revisions":1}}],"modifiedBy":["59e244c020bd9f002c67cedf"],"github":{"sha":"2f1cd6059c3dc2e87941d2431055cea010358528","filePath":"communication-connection/how-all-started/README.md"},"isPathUntouched":false,"stats":{"words":0,"images":0,"codeLines":0,"revisions":1}},{"uid":"-LLFR87ueOmFtY3dWN3X","title":"যোগাযোগের সাথে প্রযুক্তি এলো কিভাবে?","kind":"document","description":"","path":"undefined","href":null,"documentURL":null,"createdAt":"2018-08-31T14:43:41.242Z","lastModifiedAt":"2018-08-31T14:52:15.888Z","pages":[],"modifiedBy":["59e244c020bd9f002c67cedf"],"github":{"sha":"564f7438642afbc44580d0fb2d1ad538dbf79aa4","filePath":"communication-connection/undefined.md"},"isPathUntouched":false,"stats":{"words":0,"images":0,"codeLines":0,"revisions":1}},{"uid":"-LLFS2R_VbUHV0fQ0QqF","title":"যোগাযোগ প্রযুক্তির হিসেব","kind":"document","description":"","path":"undefined-1","href":null,"documentURL":null,"createdAt":"2018-08-31T14:47:40.069Z","lastModifiedAt":"2018-08-31T14:52:15.888Z","pages":[],"modifiedBy":["59e244c020bd9f002c67cedf"],"github":{"sha":"4d19f98d016487bf6136605285c5250684b6940c","filePath":"communication-connection/undefined-1.md"},"isPathUntouched":false,"stats":{"words":0,"images":0,"codeLines":0,"revisions":1}}],"modifiedBy":[],"github":null,"isPathUntouched":false,"stats":null},{"uid":"-LLFSXYGd5zDh9nYyHB1","title":"বেতার, রেডিও প্রযুক্তির গল্প","kind":"group","description":"","path":"radio-tech","href":null,"documentURL":null,"createdAt":"2018-08-31T14:49:47.473Z","lastModifiedAt":"2018-08-31T14:49:47.473Z","pages":[{"uid":"-LLFSmhIFBzMBn869Q-G","title":"আপনার হাতে কী?","kind":"document","description":"","path":"mobile","href":null,"documentURL":"https://firebasestorage.googleapis.com/v0/b/gitbook-28427.appspot.com/o/documents%2F-LLFCw1UzvIjnA94XFuI%2F-LLGRBn5IX1BxApG8Pj3%2Fmaster%2F-LLFSmhIFBzMBn869Q-G%2Fdocument.json?alt=media&token=a0c19e32-934c-4c13-9672-62258b84bcf6","createdAt":"2018-08-31T14:50:53.651Z","lastModifiedAt":"2018-08-31T19:26:28.296Z","pages":[],"modifiedBy":["59e244c020bd9f002c67cedf"],"github":{"sha":"1d6401839af9e9a7ae23ea64b19defdfd80d8fae","filePath":"radio-tech/mobile.md"},"isPathUntouched":false,"stats":{"words":0,"images":0,"codeLines":0,"revisions":6}},{"uid":"-LLFSZCDgTQSjxEkyheo","title":"রেডিও প্রযুক্তি","kind":"document","description":"","path":"radio-tech-what-is","href":null,"documentURL":null,"createdAt":"2018-08-31T14:49:54.254Z","lastModifiedAt":"2018-08-31T15:06:33.177Z","pages":[],"modifiedBy":["59e244c020bd9f002c67cedf"],"github":{"sha":"a1b6c8bed43741d99fbac762ccfebaa15f2db0ad","filePath":"radio-tech/radio-tech-what-is.md"},"isPathUntouched":false,"stats":{"words":0,"images":0,"codeLines":0,"revisions":3}}],"modifiedBy":[],"github":null,"isPathUntouched":false,"stats":null},{"uid":"-LLFhUDrq4xojozFciBl","title":"তারের যোগাযোগের গল্প","kind":"group","description":"","path":"line-comm","href":null,"documentURL":null,"createdAt":"2018-08-31T15:59:28.183Z","lastModifiedAt":"2018-08-31T15:59:28.183Z","pages":[{"uid":"-LLFhZqfQ3KcfUWom08K","title":"তারের যোগাযোগ","kind":"document","description":"","path":"line-connection","href":null,"documentURL":null,"createdAt":"2018-08-31T15:59:51.211Z","lastModifiedAt":"2018-08-31T16:20:19.128Z","pages":[],"modifiedBy":["59e244c020bd9f002c67cedf"],"github":{"sha":"b8dda69513cbad30ffa508693f9a28fba8a82996","filePath":"line-comm/line-connection.md"},"isPathUntouched":false,"stats":{"words":0,"images":0,"codeLines":0,"revisions":1}},{"uid":"-LLGWM9QF-jE5VHUiRjS","title":"সাগরের ফাইবার অপটিক","kind":"document","description":"","path":"fiber-optic","href":null,"documentURL":null,"createdAt":"2018-08-31T19:46:06.619Z","lastModifiedAt":"2018-08-31T19:46:59.333Z","pages":[],"modifiedBy":["59e244c020bd9f002c67cedf"],"github":{"sha":"56ca03069a58bf3968a8668947be7adcd3de878c","filePath":"line-comm/fiber-optic.md"},"isPathUntouched":false,"stats":{"words":0,"images":0,"codeLines":0,"revisions":1}}],"modifiedBy":[],"github":null,"isPathUntouched":false,"stats":null}],"modifiedBy":["59e244c020bd9f002c67cedf"],"github":{"sha":"15dbf0a7e52cbac5dbc87eb9f28d8ee807f3a621","filePath":"README.md"},"isPathUntouched":false,"stats":{"words":0,"images":0,"codeLines":0,"revisions":4}},"github":{"repoID":"raqueeb/comm-tech","sha":"9401cac4e2cb592fbfa290c48f3d1499f1173409","message":"GitBook: [master] 2 pages modified","ref":null,"isGitBookBot":true}}},"primaryVersionID":"master","assets":{},"github":[{"repoID":"raqueeb/comm-tech","sha":"9401cac4e2cb592fbfa290c48f3d1499f1173409","message":"GitBook: [master] 2 pages modified","ref":null,"isGitBookBot":true}],"rollbackOf":null}