{"uid":"-LLFCw1UzvIjnA94XFuI","name":"তোমরা যারা যোগাযোগ প্রযুক্তি নিয়ে জানতে চাও","baseName":"comm","ownerID":"-LA3F_Sfp0shbjAKYAnQ","isPrivate":false,"isUnlisted":false,"secretToken":null,"createdAt":"2018-08-31T13:40:07.958Z","updatedAt":"2018-08-31T19:47:05.178Z","createdBy":"59e244c020bd9f002c67cedf","logoURL":"https://firebasestorage.googleapis.com/v0/b/gitbook-28427.appspot.com/o/spaces%2F-LLFCw1UzvIjnA94XFuI%2Favatar.png?generation=1535722903057004&alt=media","colorPrimary":"#008000","primaryRevision":"-LLGW_SPZkp4FlCMKamK","algoliaAPIKey":"NDk5ZmFiMjAzZWIzY2M2NzcyYmIwNjBiNjU4ZjNiNzYwOTBlZmU3OTdkYzI4MWNmMzM2NDg5OGMzMDdhZjQ3MWZpbHRlcnM9LUxMRkN3MVV6dklqbkE5NFhGdUk=","customDomain":null,"links":[],"hasGitHubSync":true,"editOnGitHub":null,"googleAnalyticsID":null,"intercomID":null,"hasPageRating":true}